date,BTC종가,BTC변동률
2021-05-14,49839.8,0.27
2021-05-13,49704.6,0.65
2021-05-12,49384.2,-12.9
2021-05-11,56695.7,1.52
2021-05-10,55848.9,-4.1
2021-05-09,58238.3,-1.02
2021-05-08,58840.1,2.62
2021-05-07,57337.2,1.65
2021-05-06,56405.4,-1.8
2021-05-05,57441.3,6.88
2021-05-04,53741.5,-6
2021-05-03,57169.8,1
2021-05-02,56603.8,-2.08
2021-05-01,57807.1,0.15
2021-04-30,57720.3,7.77
2021-04-29,53560.8,-2.34
2021-04-28,54841.4,-0.35
2021-04-27,55036.5,1.88
2021-04-26,54020.5,10.33
2021-04-25,48963.6,-2.25
2021-04-24,50088.9,-2.06
2021-04-23,51143.6,-1.13
2021-04-22,51729.5,-3.88
2021-04-21,53820.2,-4.71
2021-04-20,56483.2,1.5
2021-04-19,55646.1,-1
2021-04-18,56207.1,-6.39
2021-04-17,60041.9,-2.18
2021-04-16,61379.7,-2.9
2021-04-15,63216,0.37
2021-04-14,62980.4,-0.88
2021-04-13,63540.9,6.14
2021-04-12,59863.8,-0.19
2021-04-11,59978.7,0.39
2021-04-10,59748.4,2.8
2021-04-09,58118.7,0.07
2021-04-08,58077.4,3.8
2021-04-07,55948.7,-3.53
2021-04-06,57996.3,-1.69
2021-04-05,58993.4,1.36
2021-04-04,58199.9,2
2021-04-03,57059.9,-3.25
2021-04-02,58977.3,0.44
2021-04-01,58718.3,-0.08
2021-03-31,58763.7,-0.01
2021-03-30,58771.3,2
2021-03-29,57616.2,3.32
2021-03-28,55765.2,-0.17
2021-03-27,55862.9,1.5
2021-03-26,55036.1,7.24
2021-03-25,51322.3,-1.92
2021-03-24,52325.4,-3.91
2021-03-23,54452.5,0.54
2021-03-22,54158.3,-5.62
2021-03-21,57383.8,-1.22
2021-03-20,58093.4,0.01
2021-03-19,58088,0.75
2021-03-18,57656,-2.13
2021-03-17,58913.5,3.56
2021-03-16,56889.7,1.97
2021-03-15,55791.3,-5.62
2021-03-14,59113.7,-3.4
2021-03-13,61195.3,6.86
2021-03-12,57265.1,-0.92
2021-03-11,57799.5,3.49
2021-03-10,55851.9,1.77
2021-03-09,54879,4.91
2021-03-08,52311,2.61
2021-03-07,50982.3,4.35
2021-03-06,48855.6,0.13
2021-03-05,48792.5,0.75
2021-03-04,48428,-3.9
2021-03-03,50395.1,4.07
2021-03-02,48424.2,-2.36
2021-03-01,49595.5,9.81
2021-02-28,45164,-2.11
2021-02-27,46136.7,-0.45
2021-02-26,46345.6,-1.24
2021-02-25,46928.5,-5.57
2021-02-24,49697.5,1.61
2021-02-23,48911.2,-9.61
2021-02-22,54111.8,-5.78
2021-02-21,57433.8,2.7
2021-02-20,55923.7,0.03
2021-02-19,55906.6,8.38
2021-02-18,51582.2,-0.95
2021-02-17,52079.2,5.92
2021-02-16,49169.7,2.57
2021-02-15,47936.3,-1.45
2021-02-14,48643.4,3.13
2021-02-13,47168.7,-0.43
2021-02-12,47371.7,-1.29
2021-02-11,47990.7,7.04
2021-02-10,44836,-3.6
2021-02-09,46508.6,0.24
2021-02-08,46395.7,19.41
2021-02-07,38852.9,-1.03
2021-02-06,39256.6,2.5
2021-02-05,38297.6,3.56
2021-02-04,36982.1,-1.77
2021-02-03,37646.8,6.09
2021-02-02,35485.2,5.88
2021-02-01,33515.7,1.23
2021-01-31,33108.1,-3.43
2021-01-30,34283.1,-0.05
2021-01-29,34301.8,2.78
2021-01-28,33374.8,9.77
2021-01-27,30404,-6.46
2021-01-26,32502.1,0.77
2021-01-25,32252.3,0.03
2021-01-24,32241.3,0.47
2021-01-23,32088.9,-2.76
2021-01-22,33000.5,7
2021-01-21,30842.1,-13.06
2021-01-20,35476.3,-1.46
2021-01-19,36002.9,-1.67
2021-01-18,36613.2,2.16
2021-01-17,35839.6,-0.5
2021-01-16,36019.5,-2.24
2021-01-15,36845.8,-5.95
2021-01-14,39175.7,4.8
2021-01-13,37382.2,9.7
2021-01-12,34076.1,-4.13
2021-01-11,35544.3,-6.93
2021-01-10,38192.2,-4.88
2021-01-09,40151.9,-1.1
2021-01-08,40599.3,2.89
2021-01-07,39460.2,7.25
2021-01-06,36793.2,8.24
2021-01-05,33991.5,6.15
2021-01-04,32022.6,-2.84
2021-01-03,32958.9,2.38
2021-01-02,32193.3,9.65
2021-01-01,29359.9,1.42
2020-12-31,28949.4,0.28
2020-12-30,28868.7,5.45
2020-12-29,27376,1.18
2020-12-28,27057.8,3.03
2020-12-27,26261.3,-0.73
2020-12-26,26454.4,7.15
2020-12-25,24689.6,4.02
2020-12-24,23736.5,2.06
2020-12-23,23257.9,-2.37
2020-12-22,23823.2,4.82
2020-12-21,22728.5,-3.18
2020-12-20,23474.9,-1.55
2020-12-19,23844,3.1
2020-12-18,23127.9,1.33
2020-12-17,22825.4,6.9
2020-12-16,21352.2,9.87
2020-12-15,19434.9,0.84
2020-12-14,19273.8,0.51
2020-12-13,19176.8,1.96
2020-12-12,18808.9,4.36
2020-12-11,18023.6,-1.23
2020-12-10,18247.2,-1.61
2020-12-09,18546,1.2
2020-12-08,18326.6,-4.4
2020-12-07,19170.7,-1.08
2020-12-06,19379.9,1.22
2020-12-05,19146.5,2.62
2020-12-04,18658.1,-3.99
2020-12-03,19433.3,1.12
2020-12-02,19218.8,2.39
2020-12-01,18770.7,-4.71
2020-11-30,19698.1,8.32
2020-11-29,18185.5,2.57
2020-11-28,17730.7,3.52
2020-11-27,17127.1,-0.2
2020-11-26,17162,-8.34
2020-11-25,18723,-2.24
2020-11-24,19152.6,4.21
2020-11-23,18379.6,-0.18
2020-11-22,18412.9,-1.47
2020-11-21,18687.2,0.06
2020-11-20,18675.2,4.9
2020-11-19,17803.5,0.16
2020-11-18,17774.6,0.64
2020-11-17,17662.3,5.66
2020-11-16,16715.8,4.78
2020-11-15,15953,-0.73
2020-11-14,16071,-1.55
2020-11-13,16324.2,0.18
2020-11-12,16294.7,3.82
2020-11-11,15695.8,2.56
2020-11-10,15303.6,-0.15
2020-11-09,15327.2,-1.01
2020-11-08,15483.7,4.42
2020-11-07,14828.4,-4.81
2020-11-06,15577.9,-0.06
2020-11-05,15587.1,10.19
2020-11-04,14145.6,0.9
2020-11-03,14019.9,3.38
2020-11-02,13561.4,-1.44
2020-11-01,13759.4,-0.27
2020-10-31,13797.3,1.75
2020-10-30,13559.9,0.76
2020-10-29,13457.2,1.34
2020-10-28,13278.9,-2.77
2020-10-27,13657.8,4.56
2020-10-26,13061.6,0.23
2020-10-25,13032.2,-0.65
2020-10-24,13117.2,1.42
2020-10-23,12934.1,-0.31
2020-10-22,12974.6,1.3
2020-10-21,12808.7,7.51
2020-10-20,11913.5,1.36
2020-10-19,11753.4,2.14
2020-10-18,11506.9,1.27
2020-10-17,11362.1,0.35
2020-10-16,11322,-1.57
2020-10-15,11503,0.72
2020-10-14,11420.4,-0.03
2020-10-13,11423.8,-0.95
2020-10-12,11533.9,1.43
2020-10-11,11371,0.64
2020-10-10,11298.4,2.21
2020-10-09,11054.2,1.19
2020-10-08,10924.1,2.37
2020-10-07,10670.9,0.64
2020-10-06,10602.6,-1.73
2020-10-05,10789.5,1.09
2020-10-04,10672.9,1.22
2020-10-03,10544.2,-0.27
2020-10-02,10572.3,-0.45
2020-10-01,10620.5,-1.44
2020-09-30,10776.1,-0.6
2020-09-29,10840.9,1.38
2020-09-28,10693.2,-0.77
2020-09-27,10776.2,0.45
2020-09-26,10727.9,0.37
2020-09-25,10688.8,-0.47
2020-09-24,10739.4,4.9
2020-09-23,10237.3,-2.79
2020-09-22,10531.5,1.1
2020-09-21,10416.8,-4.62
2020-09-20,10921.5,-1.45
2020-09-19,11081.8,1.36
2020-09-18,10933,-0.08
2020-09-17,10941.3,-0.07
2020-09-16,10949.5,1.52
2020-09-15,10785.3,1.03
2020-09-14,10675.3,3.38
2020-09-13,10326,-1.11
2020-09-12,10441.9,0.5
2020-09-11,10390.2,0.49
2020-09-10,10339.7,1.13
2020-09-09,10224.6,0.97
2020-09-08,10126.6,-2.41
2020-09-07,10376.9,0.78
2020-09-06,10296.4,2.02
2020-09-05,10092.2,-3.63
2020-09-04,10472.5,2.99
2020-09-03,10168.8,-10.9
2020-09-02,11413.3,-4.21
2020-09-01,11914.9,2.32
2020-08-31,11644.2,-0.49
2020-08-30,11702,2.04
2020-08-29,11468.1,-0.51
2020-08-28,11527.4,1.77
2020-08-27,11327.4,-1.18
2020-08-26,11462.3,1.21
2020-08-25,11324.8,-3.65
2020-08-24,11753.5,0.96
2020-08-23,11641.6,-0.17
2020-08-22,11661.3,1.15
2020-08-21,11529.2,-2.76
2020-08-20,11856.9,0.91
2020-08-19,11750.2,-1.65
2020-08-18,11947.6,-2.73
2020-08-17,12282.6,3.22
2020-08-16,11899,0.45
2020-08-15,11845.3,0.8
2020-08-14,11750.8,-0.17
2020-08-13,11770.9,1.85
2020-08-12,11557.2,1.46
2020-08-11,11390.4,-4.19
2020-08-10,11889.2,1.78
2020-08-09,11681.2,-0.71
2020-08-08,11764.3,1.49
2020-08-07,11592,-1.4
2020-08-06,11757.1,0.19
2020-08-05,11735.1,4.92
2020-08-04,11184.7,-0.35
2020-08-03,11224.4,1.42
2020-08-02,11066.8,-6.24
2020-08-01,11803.1,4.14
2020-07-31,11333.4,2.14
2020-07-30,11096.2,-0.09
2020-07-29,11105.9,1.81
2020-07-28,10908.5,-1.04
2020-07-27,11022.8,10.98
2020-07-26,9932.5,2.35
2020-07-25,9704.1,1.65
2020-07-24,9546.4,-0.55
2020-07-23,9599.6,0.9
2020-07-22,9513.7,1.35
2020-07-21,9387.3,2.46
2020-07-20,9162.4,-0.5
2020-07-19,9208,0.41
2020-07-18,9170.2,0.16
2020-07-17,9155.8,0.22
2020-07-16,9135.3,-0.69
2020-07-15,9198.7,-0.59
2020-07-14,9253.4,0.11
2020-07-13,9243.6,-0.62
2020-07-12,9300.8,0.73
2020-07-11,9233.3,-0.56
2020-07-10,9285.1,0.53
2020-07-09,9235.7,-2.06
2020-07-08,9429.9,1.88
2020-07-07,9256,-0.89
2020-07-06,9339,2.84
2020-07-05,9081,-0.58
2020-07-04,9134.4,0.74
2020-07-03,9067.1,-0.2
2020-07-02,9085.1,-1.57
2020-07-01,9229.9,1.03
2020-06-30,9135.4,-0.54
2020-06-29,9185.4,0.67
2020-06-28,9124,1.28
2020-06-27,9008.3,-1.66
2020-06-26,9160,-0.95
2020-06-25,9247.5,-0.59
2020-06-24,9302,-3.35
2020-06-23,9624.6,-0.61
2020-06-22,9683.7,4.17
2020-06-21,9296.4,-0.67
2020-06-20,9358.8,0.48
2020-06-19,9314,-0.79
2020-06-18,9388.1,-0.81
2020-06-17,9464.6,-0.62
2020-06-16,9523.5,1.04
2020-06-15,9425.4,0.86
2020-06-14,9345.3,-1.33
2020-06-13,9471.3,0.05
2020-06-12,9466.6,1.97
2020-06-11,9283.2,-6.03
2020-06-10,9878.8,1.13
2020-06-09,9768.8,-0.09
2020-06-08,9777.9,0.36
2020-06-07,9742.6,0.76
2020-06-06,9669.6,0.4
2020-06-05,9631.2,-1.67
2020-06-04,9794.4,1.32
2020-06-03,9667.2,1.47
2020-06-02,9527.6,-6.49
2020-06-01,10189.3,7.77
2020-05-31,9454.8,-2.45
2020-05-30,9692.5,2.84
2020-05-29,9424.8,-1.54
2020-05-28,9572.2,4.06
2020-05-27,9199.1,4.03
2020-05-26,8842.5,-0.63
2020-05-25,8898.2,1.95
2020-05-24,8728.2,-4.89
2020-05-23,9177,0.08
2020-05-22,9169.7,1.22
2020-05-21,9059,-4.76
2020-05-20,9512.3,-2.67
2020-05-19,9773.3,0.44
2020-05-18,9730.7,0.55
2020-05-17,9677.7,3.18
2020-05-16,9379.5,0.66
2020-05-15,9318,-4.71
2020-05-14,9778.4,5.16
2020-05-13,9298.7,5.5
2020-05-12,8813.8,2.73
2020-05-11,8579.8,-1.82
2020-05-10,8738.8,-8.54
2020-05-09,9554.6,-2.57
2020-05-08,9806.2,-1.74
2020-05-07,9979.8,9.05
2020-05-06,9151.4,1.67
2020-05-05,9001,1.42
2020-05-04,8874.7,-0.12
2020-05-03,8885.5,-0.9
2020-05-02,8966.3,1.64
2020-05-01,8821.6,2.23
2020-04-30,8629,-1.62
2020-04-29,8770.9,13.22
2020-04-28,7746.9,-0.25
2020-04-27,7766,1.13
2020-04-26,7678.9,1.84
2020-04-25,7540.4,0.49
2020-04-24,7503.8,0.2
2020-04-23,7488.5,5.28
2020-04-22,7112.9,3.95
2020-04-21,6842.5,0.13
2020-04-20,6833.5,-4.06
2020-04-19,7122.9,-1.49
2020-04-18,7230.8,2.77
2020-04-17,7035.8,-0.7
2020-04-16,7085.6,6.89
2020-04-15,6629.1,-3.24
2020-04-14,6850.9,0.14
2020-04-13,6841.3,-1.1
2020-04-12,6917.6,0.73
2020-04-11,6867.8,0.07
2020-04-10,6863.1,-5.84
2020-04-09,7289,-0.98
2020-04-08,7361.2,2.45
2020-04-07,7185.2,-2.01
2020-04-06,7332.3,8.26
2020-04-05,6772.7,-1.23
2020-04-04,6857.4,1.8
2020-04-03,6735.9,-0.95
2020-04-02,6800.5,2.44
2020-04-01,6638.5,3.52
2020-03-31,6412.5,0.34
2020-03-30,6391,8.5
2020-03-29,5890.4,-5.51
2020-03-28,6233.7,-2.19
2020-03-27,6373.4,-5.23
2020-03-26,6725.1,0.69
2020-03-25,6678.9,-0.97
2020-03-24,6744.6,4.26
2020-03-23,6468.9,11.11
2020-03-22,5822.1,-5.89
2020-03-21,6186.2,-0.31
2020-03-20,6205.3,0.54
2020-03-19,6172,15.12
2020-03-18,5361.4,1.91
2020-03-17,5261.1,4.59
2020-03-16,5030,-6.27
2020-03-15,5366.3,3.54
2020-03-14,5182.7,-7.19
2020-03-13,5584.3,15.71
2020-03-12,4826,-39.18
2020-03-11,7935.1,0.56
2020-03-10,7891.2,-0.53
2020-03-09,7933,-1.26
2020-03-08,8034.1,-9.61
2020-03-07,8887.8,-2.7
2020-03-06,9134.8,0.82
2020-03-05,9060.3,3.45
2020-03-04,8757.9,-0.04
2020-03-03,8761.4,-1.61
2020-03-02,8904.8,4.27
2020-03-01,8540,-0.04
2020-02-29,8543.7,-1.77
2020-02-28,8697.5,-1.37
2020-02-27,8818.6,0.21
2020-02-26,8800.3,-5.55
2020-02-25,9317.2,-3.57
2020-02-24,9662.7,-2.82
2020-02-23,9942.7,2.97
2020-02-22,9655.7,-0.3
2020-02-21,9684.5,0.85
2020-02-20,9602.4,-0.07
2020-02-19,9609.4,-5.4
2020-02-18,10158.4,4.71
2020-02-17,9701.4,-2.32
2020-02-16,9932.3,0.25
2020-02-15,9907.7,-4.12
2020-02-14,10333,0.96
2020-02-13,10235.1,-0.8
2020-02-12,10317.7,0.86
2020-02-11,10229.5,3.81
2020-02-10,9854.1,-2.93
2020-02-09,10151.5,2.59
2020-02-08,9895.5,0.78
2020-02-07,9818.6,0.48
2020-02-06,9772,1.67
2020-02-05,9611.8,4.54
2020-02-04,9193.9,-1.1
2020-02-03,9296.6,-0.41
2020-02-02,9334.9,-0.5
2020-02-01,9381.6,0.35
2020-01-31,9349.1,-1.66
2020-01-30,9507.3,2.24
2020-01-29,9298.9,-0.84
2020-01-28,9377.3,5.76
2020-01-27,8866.6,3.01
2020-01-26,8607.8,3.19
2020-01-25,8341.6,-1.17
2020-01-24,8439.9,0.41
2020-01-23,8405.1,-3.15
2020-01-22,8678.5,-0.62
2020-01-21,8732.6,1.05
2020-01-20,8641.9,-0.74
2020-01-19,8706.2,-2.36
2020-01-18,8916.3,0.04
2020-01-17,8913.1,2.13
2020-01-16,8726.9,-1.04
2020-01-15,8818.3,-0.12
2020-01-14,8829.2,8.85
2020-01-13,8111.4,-0.93
2020-01-12,8187.6,2.04
2020-01-11,8024.1,-1.99
2020-01-10,8187.1,4.4
2020-01-09,7842.4,-2.7
2020-01-08,8059.6,-1.18
2020-01-07,8155.7,5.11
2020-01-06,7759.1,5.24
2020-01-05,7372.5,-0.06
2020-01-04,7376.8,0.46
2020-01-03,7343.1,5.4
2020-01-02,6967,-3.23
2020-01-01,7199.8,0.05
2019-12-31,7196.4,-0.9
2019-12-30,7261.8,-1.84
2019-12-29,7397.5,1.04
2019-12-28,7321.5,0.82
2019-12-27,7261.7,0.7
2019-12-26,7210.9,-0.19
2019-12-25,7224.8,-0.6
2019-12-24,7268.3,-0.74
2019-12-23,7322.8,-2.31
2019-12-22,7495.8,4.74
2019-12-21,7156.2,-0.56
2019-12-20,7196.4,0.43
2019-12-19,7165.5,-1.52
2019-12-18,7276,10.02
2019-12-17,6613.3,-4.2
2019-12-16,6903.5,-3.16
2019-12-15,7128.5,0.67
2019-12-14,7080.8,-2.4
2019-12-13,7255.2,0.65
2019-12-12,7208,0
2019-12-11,7208,-0.38
2019-12-10,7235.7,-1.63
2019-12-09,7355.8,-2.24
2019-12-08,7524.4,0.18
2019-12-07,7510.9,-0.26
2019-12-06,7530.8,1.78
2019-12-05,7399.2,2.7
2019-12-04,7204.4,-1.2
2019-12-03,7291.8,-0.09
2019-12-02,7298.2,-1.33
2019-12-01,7396.4,-1.99
2019-11-30,7546.6,-2.53
2019-11-29,7742.7,4.26
2019-11-28,7426.7,-1.12
2019-11-27,7510.6,4.86
2019-11-26,7162.8,0.66
2019-11-25,7115.6,2.76
2019-11-24,6924.7,-5.45
2019-11-23,7324.1,0.71
2019-11-22,7272.5,-4.66
2019-11-21,7627.9,-5.82
2019-11-20,8099.3,-0.57
2019-11-19,8145.7,-0.76
2019-11-18,8208.4,-3.54
2019-11-17,8509.8,0.15
2019-11-16,8497.3,0.25
2019-11-15,8476.3,-2.13
2019-11-14,8661.2,-1.39
2019-11-13,8783.1,-0.33
2019-11-12,8812.6,0.87
2019-11-11,8736.9,-3.32
2019-11-10,9036.8,2.64
2019-11-09,8804.5,0.3
2019-11-08,8778.2,-4.83
2019-11-07,9223.5,-1.24
2019-11-06,9338.9,0.3
2019-11-05,9310.8,-0.91
2019-11-04,9396.4,2.15
2019-11-03,9198.3,-1.1
2019-11-02,9300.6,0.76
2019-11-01,9230.1,0.85
2019-10-31,9152.6,-0.06
2019-10-30,9157.9,-2.69
2019-10-29,9411.3,2.22
2019-10-28,9207.2,-3.38
2019-10-27,9529.6,3.24
2019-10-26,9230.6,6.61
2019-10-25,8658.3,16.65
2019-10-24,7422.7,-0.73
2019-10-23,7477,-6.9
2019-10-22,8031.4,-2.15
2019-10-21,8208.2,-0.18
2019-10-20,8223.4,3.34
2019-10-19,7957.3,0.11
2019-10-18,7948.5,-1.55
2019-10-17,8073.3,0.91
2019-10-16,8000.4,-2.04
2019-10-15,8167.2,-2.23
2019-10-14,8353.3,0.87
2019-10-13,8281.5,-0.28
2019-10-12,8304.4,0.44
2019-10-11,8267.8,-3.44
2019-10-10,8562.3,-0.05
2019-10-09,8566.7,4.69
2019-10-08,8182.9,-0.19
2019-10-07,8198.6,4.02
2019-10-06,7881.9,-3.02
2019-10-05,8127.3,-0.25
2019-10-04,8148.1,-0.96
2019-10-03,8226.9,-1.64
2019-10-02,8364.1,0.74
2019-10-01,8302.7,0.22
2019-09-30,8284.3,2.92
2019-09-29,8049.1,-1.94
2019-09-28,8208.5,0.29
2019-09-27,8184.9,1.5
2019-09-26,8063.8,-4.37
2019-09-25,8432.4,-0.96
2019-09-24,8513.9,-12.25
2019-09-23,9702.2,-3.28
2019-09-22,10031.6,0.39
2019-09-21,9993,-1.77
2019-09-20,10172.7,-0.76
2019-09-19,10250.5,0.84
2019-09-18,10164.7,-0.3
2019-09-17,10195.7,-0.58
2019-09-16,10255.5,-0.54
2019-09-15,10311.5,-0.25
2019-09-14,10337.3,-0.05
2019-09-13,10342.1,-0.7
2019-09-12,10415.1,2.49
2019-09-11,10162.5,0.57
2019-09-10,10105.4,-1.98
2019-09-09,10309,-0.9
2019-09-08,10402.8,-0.56
2019-09-07,10461.1,1.47
2019-09-06,10309.3,-2.44
2019-09-05,10566.9,-0.01
2019-09-04,10568.2,-0.42
2019-09-03,10612.3,2.55
2019-09-02,10348.8,6.37
2019-09-01,9729.3,1.41
2019-08-31,9594.4,0.09
2019-08-30,9585.4,0.99
2019-08-29,9491,-2.45
2019-08-28,9729.4,-4.47
2019-08-27,10184.8,-1.8
2019-08-26,10371.8,2.32
2019-08-25,10136.3,0.05
2019-08-24,10131,-2.48
2019-08-23,10388.7,2.81
2019-08-22,10105,-0.36
2019-08-21,10141.5,-5.68
2019-08-20,10752.6,-1.45
2019-08-19,10910.7,5.8
2019-08-18,10312.7,0.93
2019-08-17,10218.1,-1.14
2019-08-16,10335.6,0.31
2019-08-15,10303.4,2.53
2019-08-14,10049.4,-7.74
2019-08-13,10892.9,-4.4
2019-08-12,11394.2,-1.07
2019-08-11,11517.2,1.79
2019-08-10,11314.5,-6.41
2019-08-09,12089.8,-0.84
2019-08-08,12191.6,1.48
2019-08-07,12013.9,4.64
2019-08-06,11480.9,-2.84
2019-08-05,11816.8,8.07
2019-08-04,10934.6,1.1
2019-08-03,10815.7,2.81
2019-08-02,10520.1,1.35
2019-08-01,10380,2.96
2019-07-31,10082,5.23
2019-07-30,9580.7,0
2019-07-29,9580.9,-1.51
2019-07-28,9727.8,2.48
2019-07-27,9492.1,-3.45
2019-07-26,9831,-1.15
2019-07-25,9945.3,1.44
2019-07-24,9804.3,-0.85
2019-07-23,9888.7,-5.03
2019-07-22,10412.5,-2.82
2019-07-21,10714.4,-1.04
2019-07-20,10826.7,2.41
2019-07-19,10571.5,-0.75
2019-07-18,10651.4,9.55
2019-07-17,9723.2,3.17
2019-07-16,9424.8,-13.1
2019-07-15,10845.9,6.33
2019-07-14,10200.1,-10.25
2019-07-13,11364.9,-3.38
2019-07-12,11762.1,3.7
2019-07-11,11342.3,-6.34
2019-07-10,12110.6,-3.44
2019-07-09,12541.5,2.36
2019-07-08,12252.6,7.33
2019-07-07,11415.9,1.31
2019-07-06,11268,2.71
2019-07-05,10970.2,-1.73
2019-07-04,11163.1,-6.2
2019-07-03,11900.8,9.83
2019-07-02,10835.9,2.07
2019-07-01,10616.6,-1.87
2019-06-30,10818.6,-9.14
2019-06-29,11906.5,-4.05
2019-06-28,12409.1,9.93
2019-06-27,11287.8,-13.59
2019-06-26,13063.8,10.62
2019-06-25,11809.9,6.91
2019-06-24,11046.4,1.37
2019-06-23,10897.1,1.64
2019-06-22,10721.7,5.33
2019-06-21,10179.3,6.96
2019-06-20,9517,2.83
2019-06-19,9255.4,1.93
2019-06-18,9080.6,-2.56
2019-06-17,9318.8,3.98
2019-06-16,8962.5,1.7
2019-06-15,8812.5,1.81
2019-06-14,8656.1,5.32
2019-06-13,8219,1.06
2019-06-12,8133.1,3.11
2019-06-11,7888,-1.25
2019-06-10,7987.8,4.62
2019-06-09,7635,-3.37
2019-06-08,7901.4,-1.05
2019-06-07,7985.2,2.57
2019-06-06,7784.9,0.08
2019-06-05,7779.1,1.22
2019-06-04,7685.5,-5.41
2019-06-03,8124.8,-6.92
2019-06-02,8728.6,2.14
2019-06-01,8545.7,-0.15
2019-05-31,8558.3,3.46
2019-05-30,8271.9,-4.35
2019-05-29,8647.8,-0.79
2019-05-28,8716.3,-0.5
2019-05-27,8760.1,1.51
2019-05-26,8630.2,7.51
2019-05-25,8027.4,0.72
2019-05-24,7970.1,1.5
2019-05-23,7852.1,2.83
2019-05-22,7635.7,-3.72
2019-05-21,7930.3,-0.44
2019-05-20,7965.3,-2.35
2019-05-19,8157.2,12.32
2019-05-18,7262.6,-1.32
2019-05-17,7359.5,-6.51
2019-05-16,7871.8,-3.59
2019-05-15,8164.6,2.13
2019-05-14,7994.6,2.42
2019-05-13,7806,11.76
2019-05-12,6984.8,-2.86
2019-05-11,7190.3,12.59
2019-05-10,6386,3.14
2019-05-09,6191.5,3.36
2019-05-08,5990.3,2.41
2019-05-07,5849.5,1.82
2019-05-06,5745.1,-0.52
2019-05-05,5774.9,-0.96
2019-05-04,5830.9,1.11
2019-05-03,5766.8,4.97
2019-05-02,5493.8,2.04
2019-05-01,5384.2,1.19
2019-04-30,5320.8,1.64
2019-04-29,5235,-1.27
2019-04-28,5302.3,0.69
2019-04-27,5265.9,-0.61
2019-04-26,5298.3,1.71
2019-04-25,5209.1,-3.81
2019-04-24,5415.6,-1.74
2019-04-23,5511.6,3.08
2019-04-22,5346.7,1.97
2019-04-21,5243.5,-0.88
2019-04-20,5290.2,0.94
2019-04-19,5241,-0.45
2019-04-18,5264.7,1.08
2019-04-17,5208.3,0.53
2019-04-16,5180.9,2.95
2019-04-15,5032.3,-2
2019-04-14,5134.8,1.64
2019-04-13,5051.8,-0.05
2019-04-12,5054.2,0.63
2019-04-11,5022.6,-5.37
2019-04-10,5307.8,2.89
2019-04-09,5158.4,-1.65
2019-04-08,5245.2,1.38
2019-04-07,5173.6,2.53
2019-04-06,5046.2,0.72
2019-04-05,5010.2,2.2
2019-04-04,4902.4,-1.33
2019-04-03,4968.7,2.25
2019-04-02,4859.3,17.23
2019-04-01,4145.1,1.04
2019-03-31,4102.3,-0.23
2019-03-30,4111.8,0.23
2019-03-29,4102.2,1.9
2019-03-28,4025.6,-0.4
2019-03-27,4041.7,2.51
2019-03-26,3942.8,0.15
2019-03-25,3937,-1.44
2019-03-24,3994.7,-0.2
2019-03-23,4002.5,0.3
2019-03-22,3990.4,0.21
2019-03-21,3982.2,-1.46
2019-03-20,4041.2,0.6
2019-03-19,4017,0.67
2019-03-18,3990.2,0.22
2019-03-17,3981.5,-0.62
2019-03-16,4006.4,2.09
2019-03-15,3924.3,1.17
2019-03-14,3879,0.36
2019-03-13,3865.1,-0.54
2019-03-12,3886,0.41
2019-03-11,3870.3,-1.15
2019-03-10,3915.2,-0.74
2019-03-09,3944.3,2.03
2019-03-08,3865.9,-0.24
2019-03-07,3875.1,0.32
2019-03-06,3863,0.15
2019-03-05,3857.2,3.8
2019-03-04,3715.9,-2.45
2019-03-03,3809.5,-0.36
2019-03-02,3823.1,0.03
2019-03-01,3821.9,0.14
2019-02-28,3816.6,0.05
2019-02-27,3814.6,0.11
2019-02-26,3810.3,-0.61
2019-02-25,3833.7,2.09
2019-02-24,3755.2,-8.86
2019-02-23,4120.4,3.91
2019-02-22,3965.2,0.73
2019-02-21,3936.6,-0.9
2019-02-20,3972.4,1.48
2019-02-19,3914.3,0.47
2019-02-18,3896,6.33
2019-02-17,3664.2,1.31
2019-02-16,3616.8,0.34
2019-02-15,3604.7,0.34
2019-02-14,3592.6,-0.52
2019-02-13,3611.5,-0.56
2019-02-12,3632,0.01
2019-02-11,3631.8,-1.28
2019-02-10,3679,0.48
2019-02-09,3661.4,-0.01
2019-02-08,3661.7,7.77
2019-02-07,3397.7,-0.2
2019-02-06,3404.3,-1.85
2019-02-05,3468.4,0.16
2019-02-04,3462.8,0.11
2019-02-03,3459.1,-1.24
2019-02-02,3502.5,1
2019-02-01,3467.9,0.9
2019-01-31,3437.2,-0.66
2019-01-30,3460,1.32
2019-01-29,3414.8,-0.81
2019-01-28,3442.8,-3.17
2019-01-27,3555.6,-0.43
2019-01-26,3570.9,-0.03
2019-01-25,3572,-0.06
2019-01-24,3574.3,0.36
2019-01-23,3561.5,-0.52
2019-01-22,3580.1,1.23
2019-01-21,3536.7,-0.16
2019-01-20,3542.3,-3.68
2019-01-19,3677.8,2
2019-01-18,3605.6,-0.57
2019-01-17,3626.4,1.07
2019-01-16,3588,0.47
2019-01-15,3571.3,-1.84
2019-01-14,3638.1,4.24
2019-01-13,3490.2,-2.98
2019-01-12,3597.2,-0.53
2019-01-11,3616.5,0.35
2019-01-10,3603.7,-9.41
2019-01-09,3978,0.17
2019-01-08,3971,-0.37
2019-01-07,3985.9,-0.45
2019-01-06,4004.1,5.78
2019-01-05,3785.4,-0.46
2019-01-04,3802.7,0.6
2019-01-03,3780.1,-2.42
2019-01-02,3873.8,1.69
2019-01-01,3809.4,2.69
2018-12-31,3709.4,-2.77
2018-12-30,3815,2.92
2018-12-29,3706.8,-4.01
2018-12-28,3861.6,7.66
2018-12-27,3586.9,-5.45
2018-12-26,3793.7,0.83
2018-12-25,3762.5,-6.55
2018-12-24,4026.1,2.07
2018-12-23,3944.4,-0.5
2018-12-22,3964.4,2.95
2018-12-21,3850.9,-5.52
2018-12-20,4076,10.55
2018-12-19,3687.1,0.52
2018-12-18,3668,4.02
2018-12-17,3526.1,8.57
2018-12-16,3247.9,0.6
2018-12-15,3228.7,-0.59
2018-12-14,3247.8,-2.04
2018-12-13,3315.3,-4.35
2018-12-12,3466.1,1.72
2018-12-11,3407.7,-1.53
2018-12-10,3460.5,-3
2018-12-09,3567.5,4
2018-12-08,3430.4,0.24
2018-12-07,3422.2,-2.46
2018-12-06,3508.6,-6.97
2018-12-05,3771.6,-4.72
2018-12-04,3958.5,1.56
2018-12-03,3897.8,-6.31
2018-12-02,4160.4,-0.85
2018-12-01,4196.2,3.87
2018-11-30,4039.7,-5.98
2018-11-29,4296.5,0.73
2018-11-28,4265.4,10.32
2018-11-27,3866.5,0.77
2018-11-26,3837,-5.54
2018-11-25,4062.2,3.62
2018-11-24,3920.4,-10.86
2018-11-23,4398,0.96
2018-11-22,4356,-6.09
2018-11-21,4638.7,2.52
2018-11-20,4524.6,-7.36
2018-11-19,4883.8,-13.69
2018-11-18,5658.3,0.65
2018-11-17,5621.8,-0.26
2018-11-16,5636.2,-1.45
2018-11-15,5718.9,-2.11
2018-11-14,5842.4,-9.13
2018-11-13,6429.2,-0.09
2018-11-12,6435,-0.17
2018-11-11,6446.1,0.3
2018-11-10,6427.1,0.24
2018-11-09,6412,-0.96
2018-11-08,6474,-1.39
2018-11-07,6565.3,0.96
2018-11-06,6502.8,0.67
2018-11-05,6459.7,-0.29
2018-11-04,6478.2,1.44
2018-11-03,6386.2,-0.6
2018-11-02,6424.7,0.38
2018-11-01,6400.5,0.54
2018-10-31,6365.9,0.64
2018-10-30,6325.7,-0.15
2018-10-29,6335,-2.33
2018-10-28,6486.1,-0.12
2018-10-27,6494.2,-0.24
2018-10-26,6510,0.05
2018-10-25,6507,-0.36
2018-10-24,6530.7,0.03
2018-10-23,6528.7,-0.41
2018-10-22,6555.8,-0.41
2018-10-21,6583,0.16
2018-10-20,6572.2,0.92
2018-10-19,6512,-0.94
2018-10-18,6574.1,-1.68
2018-10-17,6686.6,-0.28
2018-10-16,6705.3,0.08
2018-10-15,6699.8,5.9
2018-10-14,6326.8,0.08
2018-10-13,6321.7,0.48
2018-10-12,6291.3,0.84
2018-10-11,6239.1,-5.72
2018-10-10,6618,-0.49
2018-10-09,6650.8,-0.28
2018-10-08,6669.6,0.89
2018-10-07,6611,0.22
2018-10-06,6596.3,-0.65
2018-10-05,6639.1,0.83
2018-10-04,6584.2,1.17
2018-10-03,6507.8,-0.64
2018-10-02,6549.9,-0.88
2018-10-01,6608.2,-0.41
2018-09-30,6635.2,0.47
2018-09-29,6603.9,-0.48
2018-09-28,6636,-0.79
2018-09-27,6689.2,3.42
2018-09-26,6468.1,0.36
2018-09-25,6445.1,-2.11
2018-09-24,6584.1,-1.79
2018-09-23,6704.1,-0.38
2018-09-22,6729.6,-0.55
2018-09-21,6766.7,4.28
2018-09-20,6489.2,1.55
2018-09-19,6390.4,0.76
2018-09-18,6342,1.44
2018-09-17,6251.9,-3.82
2018-09-16,6500.2,-0.29
2018-09-15,6519,0.54
2018-09-14,6483.7,0.01
2018-09-13,6482.9,2.29
2018-09-12,6338,0.7
2018-09-11,6293.9,-0.43
2018-09-10,6321,1.32
2018-09-09,6238.5,0.88
2018-09-08,6184.3,-3.23
2018-09-07,6390.9,-1.89
2018-09-06,6514,-2.87
2018-09-05,6706.8,-9.09
2018-09-04,7377.5,1.56
2018-09-03,7264.2,-0.41
2018-09-02,7293.9,1.45
2018-09-01,7189.6,2.21
2018-08-31,7033.8,0.57
2018-08-30,6993.7,-0.5
2018-08-29,7029.1,-0.64
2018-08-28,7074.6,2.57
2018-08-27,6897.6,2.75
2018-08-26,6712.7,-0.33
2018-08-25,6734.8,0.81
2018-08-24,6680.4,2.44
2018-08-23,6521.2,2.54
2018-08-22,6359.6,-1.89
2018-08-21,6482.2,3.41
2018-08-20,6268.1,-3.29
2018-08-19,6481.5,1.61
2018-08-18,6379.1,-3.08
2018-08-17,6581.7,4.36
2018-08-16,6306.7,0.8
2018-08-15,6256.9,1.08
2018-08-14,6190.2,-1.04
2018-08-13,6255.3,-0.91
2018-08-12,6313,1.31
2018-08-11,6231.6,1.29
2018-08-10,6152.3,-5.91
2018-08-09,6538.8,4.06
2018-08-08,6283.6,-6.56
2018-08-07,6724.9,-3.15
2018-08-06,6943.6,-1.19
2018-08-05,7027.1,0.18
2018-08-04,7014.3,-5.46
2018-08-03,7419,-1.55
2018-08-02,7535.6,-0.93
2018-08-01,7606.4,-1.59
2018-07-31,7729.4,-5.48
2018-07-30,8177.1,-0.47
2018-07-29,8215.6,-0.22
2018-07-28,8234.1,0.57
2018-07-27,8187.4,3.15
2018-07-26,7937,-2.9
2018-07-25,8173.7,-2.78
2018-07-24,8407,8.86
2018-07-23,7723,4.19
2018-07-22,7412.3,0.05
2018-07-21,7408.7,0.95
2018-07-20,7339.4,-1.85
2018-07-19,7477.5,1.27
2018-07-18,7383.6,0.84
2018-07-17,7322,8.8
2018-07-16,6729.9,5.77
2018-07-15,6362.9,1.73
2018-07-14,6254.8,0.4
2018-07-13,6230.2,-0.33
2018-07-12,6250.6,-2.17
2018-07-11,6389.1,1.3
2018-07-10,6307.2,-5.4
2018-07-09,6667.1,-0.71
2018-07-08,6714.8,-0.75
2018-07-07,6765.5,2.23
2018-07-06,6617.7,1.09
2018-07-05,6546.5,-0.79
2018-07-04,6598.4,1.3
2018-07-03,6513.5,-1.6
2018-07-02,6619.5,3.97
2018-07-01,6366.8,-0.5
2018-06-30,6398.9,2.99
2018-06-29,6213.3,5.61
2018-06-28,5883.5,-4.41
2018-06-27,6154.9,1.2
2018-06-26,6082.1,-2.79
2018-06-25,6256.6,1.66
2018-06-24,6154.6,-0.21
2018-06-23,6167.3,1.84
2018-06-22,6055.7,-9.99
2018-06-21,6728,-0.55
2018-06-20,6765.4,0.19
2018-06-19,6752.4,0.49
2018-06-18,6719.8,4.02
2018-06-17,6460.3,-0.7
2018-06-16,6505.8,1.49
2018-06-15,6410.3,-3.56
2018-06-14,6647.1,5.3
2018-06-13,6312.3,-3.75
2018-06-12,6558.2,-4.76
2018-06-11,6885.9,1.64
2018-06-10,6775.1,-9.85
2018-06-09,7515.8,-1.4
2018-06-08,7622.1,-0.98
2018-06-07,7697.8,0.48
2018-06-06,7661,0.39
2018-06-05,7631.5,1.69
2018-06-04,7504.3,-2.91
2018-06-03,7729.3,1.08
2018-06-02,7646.6,1.54
2018-06-01,7530.8,0.38
2018-05-31,7502.6,1.39
2018-05-30,7400.1,-0.91
2018-05-29,7467.7,4.89
2018-05-28,7119.3,-3.36
2018-05-27,7366.7,0.07
2018-05-26,7361.3,-1.56
2018-05-25,7477.7,-1.52
2018-05-24,7592.9,1.07
2018-05-23,7512.3,-6.17
2018-05-22,8006,-4.73
2018-05-21,8403.3,-1.47
2018-05-20,8529,3.44
2018-05-19,8245.1,-0.01
2018-05-18,8245.7,2.27
2018-05-17,8063,-3.37
2018-05-16,8344.4,-1.56
2018-05-15,8477,-2.27
2018-05-14,8674.1,-0.22
2018-05-13,8693.5,2.77
2018-05-12,8459.5,0.61
2018-05-11,8408.3,-6.84
2018-05-10,9025.7,-3.15
2018-05-09,9319.1,1.33
2018-05-08,9196.4,-2.49
2018-05-07,9431.6,-2.33
2018-05-06,9656.4,-2
2018-05-05,9853.5,1.49
2018-05-04,9708.6,-0.42
2018-05-03,9749.7,5.48
2018-05-02,9243.2,1.85
2018-05-01,9074.9,-1.84
2018-04-30,9245.1,-1.8
2018-04-29,9415.1,0.67
2018-04-28,9352.4,4.6
2018-04-27,8940.9,-3.73
2018-04-26,9287,4.67
2018-04-25,8873.1,-8.01
2018-04-24,9645.3,7.73
2018-04-23,8952.8,1.66
2018-04-22,8806.7,-1.3
2018-04-21,8923.1,0.63
2018-04-20,8867,6.95
2018-04-19,8290.8,1.37
2018-04-18,8178.4,3.41
2018-04-17,7908.6,-2
2018-04-16,8070,-3.51
2018-04-15,8363.6,4.49
2018-04-14,8004.4,1.48
2018-04-13,7887.4,-0.49
2018-04-12,7926.6,13.85
2018-04-11,6962.1,1.56
2018-04-10,6854.8,1.08
2018-04-09,6781.9,-3.54
2018-04-08,7030.5,1.81
2018-04-07,6905.7,4.25
2018-04-06,6624.3,-2.33
2018-04-05,6782,-0.4
2018-04-04,6808.9,-8.29
2018-04-03,7424.2,5.03
2018-04-02,7068.4,3.56
2018-04-01,6825.2,-1.63
2018-03-31,6938.2,1.23
2018-03-30,6853.7,-3.86
2018-03-29,7129.2,-10.38
2018-03-28,7954.9,1.96
2018-03-27,7801.7,-4.2
2018-03-26,8143.5,-3.89
2018-03-25,8473.2,-0.87
2018-03-24,8547.4,-4.14
2018-03-23,8916.8,2.18
2018-03-22,8726.2,-2.02
2018-03-21,8905.9,-0.08
2018-03-20,8912.6,3.43
2018-03-19,8616.8,5.07
2018-03-18,8201.2,4.14
2018-03-17,7874.9,-5
2018-03-16,8289.2,0.3
2018-03-15,8264.4,0.66
2018-03-14,8210.6,-10.32
2018-03-13,9154.9,0.19
2018-03-12,9137.4,-4.12
2018-03-11,9529.6,8.76
2018-03-10,8762,-4.94
2018-03-09,9217,-0.89
2018-03-08,9300,-6.09
2018-03-07,9902.9,-7.23
2018-03-06,10675.1,-5.78
2018-03-05,11330.6,-0.75
2018-03-04,11416.5,0.12
2018-03-03,11402.3,5.31
2018-03-02,10827.7,-0.7
2018-03-01,10904.5,5.52
2018-02-28,10333.9,-2.46
2018-02-27,10594.4,3.01
2018-02-26,10285.1,7.3
2018-02-25,9585.2,-1.23
2018-02-24,9704.3,-4.58
2018-02-23,10170.4,3.34
2018-02-22,9841.7,-6.03
2018-02-21,10473,-6.81
2018-02-20,11238.7,0.62
2018-02-19,11169.4,7.41
2018-02-18,10398.8,-6.09
2018-02-17,11073.5,8.79
2018-02-16,10178.7,1.41
2018-02-15,10037.3,5.92
2018-02-14,9476.3,10.97
2018-02-13,8539.2,-4.09
2018-02-12,8903.5,10.17
2018-02-11,8081.9,-5.58
2018-02-10,8559.6,-1.61
2018-02-09,8699.8,6.56
2018-02-08,8164.2,7.5
2018-02-07,7594.7,-1.38
2018-02-06,7701.2,10.99
2018-02-05,6938.5,-15.61
2018-02-04,8222.2,-11.03
2018-02-03,9241.1,3.91
2018-02-02,8893.2,-3.14
2018-02-01,9181.1,-10.56
2018-01-31,10265.4,0.98
2018-01-30,10166,-9.59
2018-01-29,11244.8,-4.67
2018-01-28,11795.1,2.86
2018-01-27,11467.5,3.14
2018-01-26,11118.1,-0.76
2018-01-25,11203,-2.18
2018-01-24,11452.3,5.04
2018-01-23,10903.2,0.35
2018-01-22,10864.8,-6.3
2018-01-21,11594.9,-9.83
2018-01-20,12858.9,11.04
2018-01-19,11580.2,2.98
2018-01-18,11245.4,0.47
2018-01-17,11192.3,-1.49
2018-01-16,11362,-17.05
2018-01-15,13697.5,0.02
2018-01-14,13695.2,-4.18
2018-01-13,14292.2,2.92
2018-01-12,13886.7,2.6
2018-01-11,13535.4,-10.02
2018-01-10,15043,1.79
2018-01-09,14778.5,-1.32
2018-01-08,14976.2,-7.71
2018-01-07,16228.2,-5.5
2018-01-06,17172.3,1.28
2018-01-05,16954.8,11.69
2018-01-04,15180.1,0.15
2018-01-03,15156.6,2.73
2018-01-02,14754.1,9.74
2018-01-01,13444.9,-2.93
2017-12-31,13850.4,10.52
2017-12-30,12531.5,-12.93
2017-12-29,14392.6,-0.04
2017-12-28,14398.7,-6.6
2017-12-27,15416.6,-2.16
2017-12-26,15756.6,13.9
2017-12-25,13833.5,0.32
2017-12-24,13790,-4.21
2017-12-23,14396.5,5.35
2017-12-22,13665,-12.58
2017-12-21,15632.1,-5.04
2017-12-20,16462,-6.06
2017-12-19,17523.7,-7.64
2017-12-18,18972.3,-0.49
2017-12-17,19065.7,-1.45
2017-12-16,19345.5,9.89
2017-12-15,17604.8,6.9
2017-12-14,16467.9,1.11
2017-12-13,16286.8,-4.67
2017-12-12,17083.9,2.1
2017-12-11,16732.5,11.11
2017-12-10,15059.6,1.46
2017-12-09,14843.4,-7.5
2017-12-08,16047.6,-4.76
2017-12-07,16850.3,22.55
2017-12-06,13749.6,17.85
2017-12-05,11667.1,0.37
2017-12-04,11623.9,3.36
2017-12-03,11246.2,3.06
2017-12-02,10912.7,0.47
2017-12-01,10861.5,9.2
2017-11-30,9946.8,1.11
2017-11-29,9837.9,-0.69
2017-11-28,9906,1.78
2017-11-27,9733.2,4.45
2017-11-26,9318.4,6.44
2017-11-25,8754.7,6.75
2017-11-24,8200.8,2.34
2017-11-23,8013.4,-2.69
2017-11-22,8234.5,1.66
2017-11-21,8100,-1.76
2017-11-20,8244.7,2.51
2017-11-19,8042.6,3.36
2017-11-18,7780.9,1.05
2017-11-17,7700,-1.96
2017-11-16,7853.7,7.83
2017-11-15,7283.2,10.4
2017-11-14,6597.1,1.14
2017-11-13,6522.5,10.96
2017-11-12,5878.1,-7.28
2017-11-11,6339.9,-3.44
2017-11-10,6565.8,-7.91
2017-11-09,7129.6,-4.23
2017-11-08,7444.4,4.81
2017-11-07,7102.8,2.06
2017-11-06,6959.2,-5.82
2017-11-05,7389.5,0.35
2017-11-04,7363.8,2.96
2017-11-03,7152.1,1.81
2017-11-02,7024.8,4.26
2017-11-01,6737.8,4.44
2017-10-31,6451.2,5.34
2017-10-30,6124.3,-0.38
2017-10-29,6147.5,7.35
2017-10-28,5726.6,-0.66
2017-10-27,5764.6,-2.09
2017-10-26,5887.6,2.68
2017-10-25,5734,4.01
2017-10-24,5513.1,-6.62
2017-10-23,5903.6,-1.32
2017-10-22,5982.9,-0.4
2017-10-21,6006.6,0.23
2017-10-20,5993.1,5.17
2017-10-19,5698.6,2.2
2017-10-18,5575.8,-0.41
2017-10-17,5598.6,-2.79
2017-10-16,5759.3,1.25
2017-10-15,5688.1,-2.34
2017-10-14,5824.7,3.33
2017-10-13,5637.3,3.77
2017-10-12,5432.6,12.61
2017-10-11,4824.2,1.28
2017-10-10,4763.4,-0.3
2017-10-09,4777.5,3.59
2017-10-08,4611.7,3.97
2017-10-07,4435.8,1.46
2017-10-06,4371.9,1.17
2017-10-05,4321.4,2.44
2017-10-04,4218.7,-2.21
2017-10-03,4314.2,-1.98
2017-10-02,4401.3,-0.04
2017-10-01,4403.1,0.97
2017-09-30,4360.6,4.5
2017-09-29,4172.8,-0.54
2017-09-28,4195.6,-0.39
2017-09-27,4212.2,8.21
2017-09-26,3892.7,-1.02
2017-09-25,3932.8,7.23
2017-09-24,3667.5,-3.18
2017-09-23,3788,5.2
2017-09-22,3600.8,-0.45
2017-09-21,3617.3,-6.82
2017-09-20,3882.2,-0.66
2017-09-19,3908,-4.69
2017-09-18,4100.3,11.13
2017-09-17,3689.6,-0.25
2017-09-16,3698.9,-0.4
2017-09-15,3713.8,14.51
2017-09-14,3243.1,-16.21
2017-09-13,3870.3,-6.94
2017-09-12,4158.9,-1.4
2017-09-11,4217.9,-0.66
2017-09-10,4245.9,-2.06
2017-09-09,4335.1,0.2
2017-09-08,4326.5,-6.67
2017-09-07,4635.6,0.37
2017-09-06,4618.7,4.75
2017-09-05,4409.1,3.32
2017-09-04,4267.5,-7.49
2017-09-03,4612.9,0.86
2017-09-02,4573.8,-7.07
2017-09-01,4921.9,3.94
2017-08-31,4735.1,3.32
2017-08-30,4583,-0.31
2017-08-29,4597.3,4.71
2017-08-28,4390.3,1.03
2017-08-27,4345.8,-0.15
2017-08-26,4352.3,-0.28
2017-08-25,4364.4,1.07
2017-08-24,4318.4,4.28
2017-08-23,4141.1,1.26
2017-08-22,4089.7,2.11
2017-08-21,4005.1,-1.51
2017-08-20,4066.6,-2.02
2017-08-19,4150.5,1.1
2017-08-18,4105.4,-4.06
2017-08-17,4278.9,-2.47
2017-08-16,4387.4,5.42
2017-08-15,4161.7,-3.84
2017-08-14,4327.9,6.53
2017-08-13,4062.6,4.93
2017-08-12,3871.6,5.94
2017-08-11,3654.4,6.68
2017-08-10,3425.7,2.3
2017-08-09,3348.8,-2.35
2017-08-08,3429.4,0.81
2017-08-07,3401.9,5.26
2017-08-06,3232,-0.94
2017-08-05,3262.8,13.35
2017-08-04,2878.5,2.44
2017-08-03,2810,3.29
2017-08-02,2720.5,-0.96
2017-08-01,2747,-4.73
2017-07-31,2883.3,4.22
2017-07-30,2766.5,1.21
2017-07-29,2733.5,-2.61
2017-07-28,2806.8,4.27
2017-07-27,2691.9,5.18
2017-07-26,2559.2,-0.9
2017-07-25,2582.6,-6.54
2017-07-24,2763.4,0.25
2017-07-23,2756.6,-2.82
2017-07-22,2836.5,6.04
2017-07-21,2675.1,-6.66
2017-07-20,2866,25.56
2017-07-19,2282.6,-1.62
2017-07-18,2320.2,3.89
2017-07-17,2233.4,16.68
2017-07-16,1914.1,-3.09
2017-07-15,1975.1,-11.6
2017-07-14,2234.2,-5.43
2017-07-13,2362.4,-1.69
2017-07-12,2403.1,3.39
2017-07-11,2324.3,-0.84
2017-07-10,2344,-6.67
2017-07-09,2511.4,-2.08
2017-07-08,2564.9,2.03
2017-07-07,2513.9,-3.84
2017-07-06,2614.2,-0.52
2017-07-05,2627.9,0.4
2017-07-04,2617.3,1.74
2017-07-03,2572.5,1.42
2017-07-02,2536.5,4.61
2017-07-01,2424.6,-2.26
2017-06-30,2480.6,-3.04
2017-06-29,2558.4,-0.75
2017-06-28,2577.7,-0.23
2017-06-27,2583.8,5.63
2017-06-26,2446.1,-3.76
2017-06-25,2541.6,-1.87
2017-06-24,2590.1,-4.44
2017-06-23,2710.4,-0.46
2017-06-22,2722.8,1.69
2017-06-21,2677.6,-2.79
2017-06-20,2754.4,5.26
2017-06-19,2616.8,3.04
2017-06-18,2539.6,-4.35
2017-06-17,2655.1,5.84
2017-06-16,2508.6,2.71
2017-06-15,2442.5,-1.01
2017-06-14,2467.3,-9.06
2017-06-13,2713,2.12
2017-06-12,2656.8,-10.65
2017-06-11,2973.4,2.52
2017-06-10,2900.3,3.16
2017-06-09,2811.4,0.45
2017-06-08,2798.8,3.99
2017-06-07,2691.5,-6.24
2017-06-06,2870.5,6.12
2017-06-05,2705,7.17
2017-06-04,2524.1,-0.84
2017-06-03,2545.4,2.12
2017-06-02,2492.6,3.31
2017-06-01,2412.6,4.75
2017-05-31,2303.3,5.05
2017-05-30,2192.6,-3.76
2017-05-29,2278.2,4.07
2017-05-28,2189,6.66
2017-05-27,2052.4,-8.57
2017-05-26,2244.9,-2.7
2017-05-25,2307.2,-5.65
2017-05-24,2445.3,7.6
2017-05-23,2272.6,6.97
2017-05-22,2124.4,3.92
2017-05-21,2044.2,0.2
2017-05-20,2040.2,3.98
2017-05-19,1962,4.31
2017-05-18,1881,4.42
2017-05-17,1801.3,4.16
2017-05-16,1729.3,1.19
2017-05-15,1708.9,-3.59
2017-05-14,1772.6,0.5
2017-05-13,1763.7,4.59
2017-05-12,1686.4,-7.31
2017-05-11,1819.3,3.82
2017-05-10,1752.3,3.23
2017-05-09,1697.5,1.98
2017-05-08,1664.5,7.08
2017-05-07,1554.4,0.59
2017-05-06,1545.3,2.49
2017-05-05,1507.8,-0.59
2017-05-04,1516.8,2.1
2017-05-03,1485.6,2.74
2017-05-02,1445.9,2.13
2017-05-01,1415.8,4.73
2017-04-30,1351.9,1.17
2017-04-29,1336.3,0.5
2017-04-28,1329.6,-0.25
2017-04-27,1332.9,3.6
2017-04-26,1286.6,1.77
2017-04-25,1264.3,1.29
2017-04-24,1248.2,-0.08
2017-04-23,1249.1,0.66
2017-04-22,1240.9,-0.7
2017-04-21,1249.6,0.93
2017-04-20,1238.1,1.88
2017-04-19,1215.2,0.76
2017-04-18,1206.1,1.01
2017-04-17,1194,1.46
2017-04-16,1176.8,-0.02
2017-04-15,1177,-0.03
2017-04-14,1177.3,0.1
2017-04-13,1176.2,-3
2017-04-12,1212.5,-0.67
2017-04-11,1220.7,1.16
2017-04-10,1206.7,0.2
2017-04-09,1204.3,2
2017-04-08,1180.8,-0.82
2017-04-07,1190.5,0.15
2017-04-06,1188.7,5.21
2017-04-05,1129.9,-1.04
2017-04-04,1141.8,-0.5
2017-04-03,1147.6,4.57
2017-04-02,1097.4,1.04
2017-04-01,1086.1,0.65
2017-03-31,1079.1,3.97
2017-03-30,1037.9,-0.38
2017-03-29,1041.9,-0.24
2017-03-28,1044.4,-0.07
2017-03-27,1045.1,7.81
2017-03-26,969.4,0.32
2017-03-25,966.3,2.83
2017-03-24,939.7,-9.21
2017-03-23,1035,-0.93
2017-03-22,1044.7,-6.83
2017-03-21,1121.3,7.04
2017-03-20,1047.5,2.44
2017-03-19,1022.6,5.27
2017-03-18,971.4,-9.36
2017-03-17,1071.7,-8.63
2017-03-16,1172.9,-6.43
2017-03-15,1253.4,0.83
2017-03-14,1243.1,0.4
2017-03-13,1238.2,1.07
2017-03-12,1225.1,3.89
2017-03-11,1179.2,6.01
2017-03-10,1112.4,-6.63
2017-03-09,1191.3,3.87
2017-03-08,1147,-6.95
2017-03-07,1232.7,-3.47
2017-03-06,1277,0.46
2017-03-05,1271.2,0.55
2017-03-04,1264.3,-1.48
2017-03-03,1283.3,2.22
2017-03-02,1255.5,2.68
2017-03-01,1222.7,2.81
2017-02-28,1189.3,0.04
2017-02-27,1188.8,1.47
2017-02-26,1171.6,1.96
2017-02-25,1149.1,-2.33
2017-02-24,1176.5,0.39
2017-02-23,1171.9,4.59
2017-02-22,1120.5,0.13
2017-02-21,1119,3.85
2017-02-20,1077.6,2.73
2017-02-19,1048.9,-0.32
2017-02-18,1052.3,0.27
2017-02-17,1049.4,1.69
2017-02-16,1031.9,2.35
2017-02-15,1008.2,-0.01
2017-02-14,1008.3,1.3
2017-02-13,995.4,-0.12
2017-02-12,996.5,-1.17
2017-02-11,1008.3,1.07
2017-02-10,997.6,1.91
2017-02-09,979,-7.25
2017-02-08,1055.5,0.56
2017-02-07,1049.6,2.43
2017-02-06,1024.7,0.84
2017-02-05,1016.1,-1.53
2017-02-04,1031.8,1.86
2017-02-03,1013,0.9
2017-02-02,1004,2.19
2017-02-01,982.4,1.75
2017-01-31,965.5,4.86
2017-01-30,920.7,0.68
2017-01-29,914.5,-0.43
2017-01-28,918.5,0.05
2017-01-27,918,0.27
2017-01-26,915.6,2.36
2017-01-25,894.4,0.07
2017-01-24,893.8,-3.01
2017-01-23,921.5,0.29
2017-01-22,918.8,-0.11
2017-01-21,919.8,3.02
2017-01-20,892.9,-0.26
2017-01-19,895.2,2.66
2017-01-18,872,-3.07
2017-01-17,899.7,8.74
2017-01-16,827.3,0.75
2017-01-15,821.2,0.19
2017-01-14,819.6,-0.63
2017-01-13,824.8,1.82
2017-01-12,810.1,3.14
2017-01-11,785.4,-13.15
2017-01-10,904.4,0.51
2017-01-09,899.8,-0.12
2017-01-08,900.9,1.35
2017-01-07,888.9,0.31
2017-01-06,886.2,-10.43
2017-01-05,989.3,-12.86
2017-01-04,1135.4,9.88
2017-01-03,1033.3,1.6
2017-01-02,1017,2.17
2017-01-01,995.4,3.33
2016-12-31,963.4,0.45
2016-12-30,959,-1.24
2016-12-29,971.1,-0.11
2016-12-28,972.2,5.01
2016-12-27,925.8,3.05
2016-12-26,898.4,0.82
2016-12-25,891.1,0
2016-12-24,891.1,-2.85
2016-12-23,917.2,6.63
2016-12-22,860.2,3.73
2016-12-21,829.2,3.77
2016-12-20,799.1,1.18
2016-12-19,789.8,0.1
2016-12-18,789,0.23
2016-12-17,787.2,0.65
2016-12-16,782,0.88
2016-12-15,775.2,-0.17
2016-12-14,776.5,-0.29
2016-12-13,778.7,0.03
2016-12-12,778.5,1.38
2016-12-11,767.9,-0.79
2016-12-10,774,0.46
2016-12-09,770.5,0.26
2016-12-08,768.5,0.38
2016-12-07,765.6,0.97
2016-12-06,758.2,0.51
2016-12-05,754.3,-1.57
2016-12-04,766.4,0.28
2016-12-03,764.2,-0.87
2016-12-02,770.9,2.43
2016-12-01,752.6,1.37
2016-11-30,742.5,1.36
2016-11-29,732.6,-0.1
2016-11-28,733.3,0.53
2016-11-27,729.4,-0.64
2016-11-26,734.1,-0.84
2016-11-25,740.4,0.69
2016-11-24,735.3,-0.78
2016-11-23,741.1,-1.1
2016-11-22,749.3,1.79
2016-11-21,736.2,1.05
2016-11-20,728.5,-2.59
2016-11-19,747.9,0.12
2016-11-18,747,1.28
2016-11-17,737.5,-0.37
2016-11-16,740.3,4.1
2016-11-15,711.1,0.93
2016-11-14,704.6,0.37
2016-11-13,702,-0.33
2016-11-12,704.3,-1.5
2016-11-11,715,0.06
2016-11-10,714.6,-0.95
2016-11-09,721.4,1.48
2016-11-08,710.9,0.78
2016-11-07,705.4,-0.64
2016-11-06,709.9,1.11
2016-11-05,702.1,0
2016-11-04,702.1,2.51
2016-11-03,684.9,-6.63
2016-11-02,733.5,0.93
2016-11-01,726.8,4.02
2016-10-31,698.7,0.2
2016-10-30,697.3,-2.47
2016-10-29,715,4.18
2016-10-28,686.2,0.58
2016-10-27,682.3,1.13
2016-10-26,674.7,3.64
2016-10-25,651,0.08
2016-10-24,650.5,-0.39
2016-10-23,653,-0.37
2016-10-22,655.5,3.97
2016-10-21,630.5,0.34
2016-10-20,628.3,-0.11
2016-10-19,629.1,-0.99
2016-10-18,635.3,-0.32
2016-10-17,637.4,-0.43
2016-10-16,640.1,0.49
2016-10-15,637,-0.14
2016-10-14,637.9,0.37
2016-10-13,635.6,-0.06
2016-10-12,636,-0.7
2016-10-11,640.5,3.75
2016-10-10,617.3,0.25
2016-10-09,615.8,-0.3
2016-10-08,617.7,0.26
2016-10-07,616,0.83
2016-10-06,611,-0.14
2016-10-05,611.8,0.47
2016-10-04,609,-0.43
2016-10-03,611.6,0.15
2016-10-02,610.7,-0.44
2016-10-01,613.4,0.87
2016-09-30,608.1,0.57
2016-09-29,604.7,0
2016-09-28,604.7,-0.13
2016-09-27,605.5,-0.18
2016-09-26,606.5,0.84
2016-09-25,601.5,-0.18
2016-09-24,602.6,-0.05
2016-09-23,602.9,1.22
2016-09-22,595.6,-0.26
2016-09-21,597.2,-1.98
2016-09-20,609.2,-0.1
2016-09-19,609.8,-0.14
2016-09-18,610.7,0.6
2016-09-17,607.1,-0.12
2016-09-16,607.8,-0.05
2016-09-15,608.1,-0.23
2016-09-14,609.5,0.15
2016-09-13,608.6,0.1
2016-09-12,608,0.39
2016-09-11,605.6,-3.03
2016-09-10,624.5,0.22
2016-09-09,623.2,-0.39
2016-09-08,625.6,2.02
2016-09-07,613.2,0.45
2016-09-06,610.4,0.77
2016-09-05,605.8,-0.62
2016-09-04,609.5,1.79
2016-09-03,598.8,4.09
2016-09-02,575.3,0.58
2016-09-01,572,-0.33
2016-08-31,573.9,-0.6
2016-08-30,577.3,0.54
2016-08-29,574.2,-0.13
2016-08-28,575,0.81
2016-08-27,570.3,-1.56
2016-08-26,579.4,0.24
2016-08-25,578,-0.29
2016-08-24,579.7,-0.67
2016-08-23,583.6,-0.67
2016-08-22,587.5,1.17
2016-08-21,580.7,-0.33
2016-08-20,582.6,1.4
2016-08-19,574.6,0.2
2016-08-18,573.4,0.18
2016-08-17,572.3,-1.35
2016-08-16,580.2,2.34
2016-08-15,567,-0.37
2016-08-14,569.1,-2.66
2016-08-13,584.6,-0.43
2016-08-12,587.1,-0.12
2016-08-11,587.8,-0.52
2016-08-10,590.9,0.97
2016-08-09,585.3,-0.68
2016-08-08,589.2,-0.27
2016-08-07,590.8,0.75
2016-08-06,586.5,2.05
2016-08-05,574.7,-0.27
2016-08-04,576.2,1.73
2016-08-03,566.4,10.32
2016-08-02,513.4,-15.42
2016-08-01,607,-2.39
2016-07-31,621.9,-5.02
2016-07-30,654.7,-0.11
2016-07-29,655.4,0.2
2016-07-28,654.1,-0.06
2016-07-27,654.5,0.02
2016-07-26,654.4,0.06
2016-07-25,654,-0.8
2016-07-24,659.3,0.63
2016-07-23,655.2,0.62
2016-07-22,651.1,-2.03
2016-07-21,664.6,0.03
2016-07-20,664.4,-1
2016-07-19,671.1,0.11
2016-07-18,670.4,-0.88
2016-07-17,676.3,2.37
2016-07-16,660.7,-0.53
2016-07-15,664.2,1.06
2016-07-14,657.3,-0.59
2016-07-13,661.2,-1.4
2016-07-12,670.6,3.69
2016-07-11,646.7,-0.06
2016-07-10,647.1,-0.72
2016-07-09,651.8,-1.65
2016-07-08,662.8,4.33
2016-07-07,635.3,-5.57
2016-07-06,672.7,1.36
2016-07-05,663.7,-1.7
2016-07-04,675.2,2.04
2016-07-03,661.6,-5.22
2016-07-02,698.1,3.48
2016-07-01,674.6,0.68
2016-06-30,670,5.26
2016-06-29,636.5,-1.29
2016-06-28,644.9,0.04
2016-06-27,644.7,3.08
2016-06-26,625.4,-5.74
2016-06-25,663.5,1.01
2016-06-24,656.9,5.81
2016-06-23,620.8,5.13
2016-06-22,590.6,-11.51
2016-06-21,667.4,-9.07
2016-06-20,734,-3.56
2016-06-19,761,0.96
2016-06-18,753.8,1.33
2016-06-17,743.9,-2.27
2016-06-16,761.2,10.2
2016-06-15,690.8,0.82
2016-06-14,685.1,-2.13
2016-06-13,700.1,5.03
2016-06-12,666.5,12.67
2016-06-11,591.6,2.37
2016-06-10,577.9,0.56
2016-06-09,574.7,-1
2016-06-08,580.5,0.86
2016-06-07,575.6,-1.37
2016-06-06,583.6,1.51
2016-06-05,574.9,0.52
2016-06-04,572,0.87
2016-06-03,567,5.57
2016-06-02,537.1,-0.06
2016-06-01,537.4,1.6
2016-05-31,528.9,-0.63
2016-05-30,532.3,3.14
2016-05-29,516,-1.56
2016-05-28,524.2,10.58
2016-05-27,474,4.58
2016-05-26,453.3,0.78
2016-05-25,449.8,0.82
2016-05-24,446.1,0.55
2016-05-23,443.7,0.93
2016-05-22,439.6,-0.91
2016-05-21,443.6,0.35
2016-05-20,442.1,-0.12
2016-05-19,442.7,-2.55
2016-05-18,454.2,0.21
2016-05-17,453.3,-0.36
2016-05-16,454.9,-0.71
2016-05-15,458.1,0.37
2016-05-14,456.4,0.23
2016-05-13,455.4,0.22
2016-05-12,454.4,0.43
2016-05-11,452.5,0.7
2016-05-10,449.4,-2.41
2016-05-09,460.4,0.56
2016-05-08,457.9,-0.13
2016-05-07,458.5,-0.24
2016-05-06,459.6,2.56
2016-05-05,448.1,0.51
2016-05-04,445.8,-0.99
2016-05-03,450.3,1.37
2016-05-02,444.2,-1.78
2016-05-01,452.2,0.83
2016-04-30,448.5,-1.42
2016-04-29,455,1.45
2016-04-28,448.5,0.33
2016-04-27,447,-4.08
2016-04-26,466,0.92
2016-04-25,461.7,0.91
2016-04-24,457.6,1.66
2016-04-23,450.1,1.08
2016-04-22,445.3,-0.9
2016-04-21,449.3,1.85
2016-04-20,441.2,1.43
2016-04-19,434.9,1.69
2016-04-18,427.7,0.34
2016-04-17,426.3,-0.88
2016-04-16,430,0.32
2016-04-15,428.7,1.1
2016-04-14,424,0.13
2016-04-13,423.5,-0.3
2016-04-12,424.7,0.79
2016-04-11,421.4,0.28
2016-04-10,420.3,0.53
2016-04-09,418,0.09
2016-04-08,417.7,-0.58
2016-04-07,420.1,-0.27
2016-04-06,421.3,-0.19
2016-04-05,422.1,0.65
2016-04-04,419.3,0.06
2016-04-03,419.1,0.13
2016-04-02,418.5,0.69
2016-04-01,415.6,0
2016-03-31,415.7,0.78
2016-03-30,412.4,-0.62
2016-03-29,415,-1.71
2016-03-28,422.2,-0.56
2016-03-27,424.6,1.94
2016-03-26,416.5,0.19
2016-03-25,415.7,0.23
2016-03-24,414.7,-0.54
2016-03-23,417,0.19
2016-03-22,416.2,1.24
2016-03-21,411.1,-0.1
2016-03-20,411.5,0.69
2016-03-19,408.7,0.13
2016-03-18,408.2,-2.39
2016-03-17,418.2,0.54
2016-03-16,415.9,0.19
2016-03-15,415.1,0.2
2016-03-14,414.3,0.46
2016-03-13,412.4,0.5
2016-03-12,410.4,-2.09
2016-03-11,419.1,0.79
2016-03-10,415.8,0.74
2016-03-09,412.8,0.21
2016-03-08,411.9,-0.72
2016-03-07,414.9,2.19
2016-03-06,406,1.74
2016-03-05,399,-2.56
2016-03-04,409.5,-2.4
2016-03-03,419.6,-1.36
2016-03-02,425.4,-2
2016-03-01,434,-0.5
2016-02-29,436.2,0.86
2016-02-28,432.5,0.27
2016-02-27,431.3,0.93
2016-02-26,427.3,0.91
2016-02-25,423.5,0.18
2016-02-24,422.7,0.67
2016-02-23,419.9,-4.09
2016-02-22,437.8,-0.02
2016-02-21,437.9,-0.5
2016-02-20,440.1,4.78
2016-02-19,420,-0.34
2016-02-18,421.4,1.02
2016-02-17,417.1,2.64
2016-02-16,406.4,1.33
2016-02-15,401.1,-1.09
2016-02-14,405.5,3.95
2016-02-13,390.1,1.58
2016-02-12,384,1.21
2016-02-11,379.5,-0.64
2016-02-10,381.9,1.75
2016-02-09,375.3,0.72
2016-02-08,372.6,-1.4
2016-02-07,377.9,0.33
2016-02-06,376.7,-2.53
2016-02-05,386.5,-1.07
2016-02-04,390.6,6.15
2016-02-03,368,-1.58
2016-02-02,373.9,0.47
2016-02-01,372.2,0.63
2016-01-31,369.8,-2.1
2016-01-30,377.8,-0.67
2016-01-29,380.3,0.16
2016-01-28,379.7,-3.88
2016-01-27,395,1.34
2016-01-26,389.8,-0.76
2016-01-25,392.8,-2.33
2016-01-24,402.1,3.48
2016-01-23,388.6,1.56
2016-01-22,382.6,-6.73
2016-01-21,410.2,-1.05
2016-01-20,414.6,9.26
2016-01-19,379.5,-1.29
2016-01-18,384.4,0.5
2016-01-17,382.5,-0.67
2016-01-16,385,3.43
2016-01-15,372.3,-13.25
2016-01-14,429.1,-0.71
2016-01-13,432.2,-2.89
2016-01-12,445,-0.6
2016-01-11,447.7,0.34
2016-01-10,446.2,-0.47
2016-01-09,448.3,-1.01
2016-01-08,452.9,-0.91
2016-01-07,457,6.09
2016-01-06,430.8,-0.09
2016-01-05,431.2,-0.49
2016-01-04,433.3,0.61
2016-01-03,430.7,-0.7
2016-01-02,433.7,-0.06
2016-01-01,434,0.94
2015-12-31,430,0.66
2015-12-30,427.1,-1.1
2015-12-29,431.9,2.41
2015-12-28,421.8,-0.15
2015-12-27,422.4,1.69
2015-12-26,415.4,-8.52
2015-12-25,454,0.24
2015-12-24,453,2.38
2015-12-23,442.4,1.24
2015-12-22,437,-0.13
2015-12-21,437.6,-0.95
2015-12-20,441.8,-4.21
2015-12-19,461.2,-0.43
2015-12-18,463.2,1.68
2015-12-17,455.5,0.34
2015-12-16,454,-1.87
2015-12-15,462.6,4.67
2015-12-14,442,1.68
2015-12-13,434.7,0.56
2015-12-12,432.3,-3.9
2015-12-11,449.8,8.26
2015-12-10,415.5,-0.12
2015-12-09,416,1.3
2015-12-08,410.7,4.16
2015-12-07,394.3,0.23
2015-12-06,393.4,1.73
2015-12-05,386.7,6.92
2015-12-04,361.7,0.38
2015-12-03,360.3,0.09
2015-12-02,360,-0.5
2015-12-01,361.8,-4.28
2015-11-30,378,1.92
2015-11-29,370.8,4.22
2015-11-28,355.8,-1.03
2015-11-27,359.5,1.63
2015-11-26,353.7,8.01
2015-11-25,327.5,2.88
2015-11-24,318.4,-1.17
2015-11-23,322.1,-0.2
2015-11-22,322.8,-0.59
2015-11-21,324.7,1.11
2015-11-20,321.1,-1.19
2015-11-19,325,-3.26
2015-11-18,335.9,0.6
2015-11-17,333.9,1.12
2015-11-16,330.2,4.02
2015-11-15,317.5,-4.32
2015-11-14,331.8,-0.6
2015-11-13,333.8,-0.02
2015-11-12,333.9,9.56
2015-11-11,304.7,-9.5
2015-11-10,336.7,-11.45
2015-11-09,380.2,2.33
2015-11-08,371.6,-3.51
2015-11-07,385.1,4.13
2015-11-06,369.8,-3.37
2015-11-05,382.7,-4.54
2015-11-04,400.9,1.11
2015-11-03,396.5,10.36
2015-11-02,359.3,11.25
2015-11-01,323,3.76
2015-10-31,311.2,-4.85
2015-10-30,327.1,4.3
2015-10-29,313.6,3.32
2015-10-28,303.5,3.01
2015-10-27,294.7,3.34
2015-10-26,285.1,-0.94
2015-10-25,287.9,1.88
2015-10-24,282.6,2.04
2015-10-23,276.9,0.91
2015-10-22,274.4,2.74
2015-10-21,267.1,-0.98
2015-10-20,269.8,2.25
2015-10-19,263.8,0.82
2015-10-18,261.7,-2.93
2015-10-17,269.6,2.55
2015-10-16,262.9,3.31
2015-10-15,254.4,0.84
2015-10-14,252.3,1.43
2015-10-13,248.8,1.4
2015-10-12,245.4,-0.93
2015-10-11,247.6,0.94
2015-10-10,245.4,0.54
2015-10-09,244,0.6
2015-10-08,242.6,-0.16
2015-10-07,243,-1.28
2015-10-06,246.1,2.49
2015-10-05,240.1,0.76
2015-10-04,238.3,-0.1
2015-10-03,238.6,0.79
2015-10-02,236.7,-0.14
2015-10-01,237.1,0.47
2015-09-30,235.9,-0.33
2015-09-29,236.7,-0.9
2015-09-28,238.9,2.74
2015-09-27,232.5,-0.77
2015-09-26,234.3,-0.31
2015-09-25,235,0.54
2015-09-24,233.8,1.68
2015-09-23,229.9,-0.05
2015-09-22,230,1.63
2015-09-21,226.3,-2.06
2015-09-20,231.1,0
2015-09-19,231.1,-0.47
2015-09-18,232.2,-0.22
2015-09-17,232.7,1.8
2015-09-16,228.6,-0.41
2015-09-15,229.5,-0.17
2015-09-14,229.9,-0.12
2015-09-13,230.2,-2.3
2015-09-12,235.6,-1.79
2015-09-11,239.9,0.76
2015-09-10,238.1,0.28
2015-09-09,237.4,-2.4
2015-09-08,243.2,1.53
2015-09-07,239.6,-0.12
2015-09-06,239.9,2.65
2015-09-05,233.7,1.49
2015-09-04,230.3,1.79
2015-09-03,226.2,-1.06
2015-09-02,228.6,0.64
2015-09-01,227.2,-1
2015-08-31,229.5,0.47
2015-08-30,228.4,-0.04
2015-08-29,228.5,-1.36
2015-08-28,231.6,4
2015-08-27,222.7,-1
2015-08-26,225,2.02
2015-08-25,220.5,4.29
2015-08-24,211.4,-6.76
2015-08-23,226.8,-1.22
2015-08-22,229.5,-1.23
2015-08-21,232.4,-0.96
2015-08-20,234.7,3.83
2015-08-19,226,-8.4
2015-08-18,246.7,-4.05
2015-08-17,257.1,0
2015-08-16,257.1,-1.31
2015-08-15,260.5,-1.7
2015-08-14,265,0.6
2015-08-13,263.4,-1.58
2015-08-12,267.7,-0.51
2015-08-11,269,2.18
2015-08-10,263.3,-0.22
2015-08-09,263.9,2.04
2015-08-08,258.6,-6.94
2015-08-07,277.9,-0.04
2015-08-06,278,-1.32
2015-08-05,281.7,-0.91
2015-08-04,284.3,0.97
2015-08-03,281.6,0.08
2015-08-02,281.4,0.32
2015-08-01,280.5,-1.15
2015-07-31,283.7,-1.15
2015-07-30,287,-0.47
2015-07-29,288.4,-1.81
2015-07-28,293.7,0.24
2015-07-27,293,0.42
2015-07-26,291.8,1.05
2015-07-25,288.7,0.13
2015-07-24,288.4,4.66
2015-07-23,275.5,-0.34
2015-07-22,276.5,0.5
2015-07-21,275.1,-0.93
2015-07-20,277.7,1.65
2015-07-19,273.2,-0.32
2015-07-18,274,-1.99
2015-07-17,279.6,1.1
2015-07-16,276.6,-2.41
2015-07-15,283.4,-1.23
2015-07-14,287,-1.17
2015-07-13,290.4,-6.47
2015-07-12,310.4,6.33
2015-07-11,292,2.94
2015-07-10,283.6,5.38
2015-07-09,269.1,0.19
2015-07-08,268.6,0.91
2015-07-07,266.2,-1.07
2015-07-06,269.1,-0.39
2015-07-05,270.1,3.68
2015-07-04,260.5,2.02
2015-07-03,255.4,0.2
2015-07-02,254.9,-1.06
2015-07-01,257.6,-2.46
2015-06-30,264.1,2.78
2015-06-29,257,3.25
2015-06-28,248.9,-0.74
2015-06-27,250.7,3.2
2015-06-26,242.9,0.16
2015-06-25,242.6,0.83
2015-06-24,240.6,-1.31
2015-06-23,243.8,-1.5
2015-06-22,247.5,1.38
2015-06-21,244.1,-0.36
2015-06-20,245,0.35
2015-06-19,244.1,-1.73
2015-06-18,248.4,0.43
2015-06-17,247.4,-0.98
2015-06-16,249.8,5.41
2015-06-15,237,1.39
2015-06-14,233.8,0.55
2015-06-13,232.5,0.88
2015-06-12,230.5,0.25
2015-06-11,229.9,0.48
2015-06-10,228.8,-0.34
2015-06-09,229.6,0.43
2015-06-08,228.6,2.28
2015-06-07,223.5,-0.57
2015-06-06,224.7,-0.24
2015-06-05,225.3,0.48
2015-06-04,224.2,-0.61
2015-06-03,225.6,-0.07
2015-06-02,225.7,1.17
2015-06-01,223.1,-2.92
2015-05-31,229.8,-1.45
2015-05-30,233.2,-1.61
2015-05-29,237,-0.12
2015-05-28,237.3,0
2015-05-27,237.3,-0.23
2015-05-26,237.8,0.18
2015-05-25,237.4,-1.48
2015-05-24,241,0.85
2015-05-23,238.9,-0.59
2015-05-22,240.4,2.12
2015-05-21,235.4,0.61
2015-05-20,234,0.84
2015-05-19,232,-0.27
2015-05-18,232.6,-1.55
2015-05-17,236.3,0.03
2015-05-16,236.2,-0.41
2015-05-15,237.2,0.13
2015-05-14,236.9,0.22
2015-05-13,236.4,-2.15
2015-05-12,241.6,-0.1
2015-05-11,241.8,0.77
2015-05-10,240,-0.6
2015-05-09,241.4,-0.96
2015-05-08,243.7,2.53
2015-05-07,237.7,3.35
2015-05-06,230,-2.46
2015-05-05,235.8,-1.32
2015-05-04,239,-0.43
2015-05-03,240,1.98
2015-05-02,235.3,0.91
2015-05-01,233.2,-1.09
2015-04-30,235.8,4.59
2015-04-29,225.4,-0.17
2015-04-28,225.8,-1.38
2015-04-27,229,4.69
2015-04-26,218.7,-3.29
2015-04-25,226.1,-2.14
2015-04-24,231.1,-1.83
2015-04-23,235.4,0.69
2015-04-22,233.8,0.02
2015-04-21,233.7,4.23
2015-04-20,224.2,0.55
2015-04-19,223,-0.15
2015-04-18,223.4,0.34
2015-04-17,222.6,-2.36
2015-04-16,228,2.25
2015-04-15,223,2.28
2015-04-14,218,-2.5
2015-04-13,223.6,-5.2
2015-04-12,235.9,-0.27
2015-04-11,236.5,0.75
2015-04-10,234.7,-3.53
2015-04-09,243.3,-0.51
2015-04-08,244.6,-3.32
2015-04-07,253,-0.78
2015-04-06,255,-1.8
2015-04-05,259.6,2.67
2015-04-04,252.9,-0.62
2015-04-03,254.5,0.74
2015-04-02,252.6,2.58
2015-04-01,246.2,0.86
2015-03-31,244.1,-1.07
2015-03-30,246.8,1.95
2015-03-29,242.1,-3.94
2015-03-28,252,1.95
2015-03-27,247.2,-0.33
2015-03-26,248,0.67
2015-03-25,246.4,-0.14
2015-03-24,246.7,-7.06
2015-03-23,265.5,-1.16
2015-03-22,268.6,3.41
2015-03-21,259.7,-0.79
2015-03-20,261.8,0.33
2015-03-19,260.9,1.96
2015-03-18,255.9,-10.32
2015-03-17,285.4,-1.73
2015-03-16,290.4,1.94
2015-03-15,284.9,1.16
2015-03-14,281.6,-1.95
2015-03-13,287.2,-2.26
2015-03-12,293.9,-0.59
2015-03-11,295.6,1.45
2015-03-10,291.4,0.47
2015-03-09,290,5.66
2015-03-08,274.5,-0.15
2015-03-07,274.9,0.86
2015-03-06,272.6,-0.97
2015-03-05,275.2,1.22
2015-03-04,271.9,-3.11
2015-03-03,280.6,2.52
2015-03-02,273.8,6.13
2015-03-01,257.9,1.53
2015-02-28,254.1,0.23
2015-02-27,253.5,7.16
2015-02-26,236.5,-0.34
2015-02-25,237.3,-0.65
2015-02-24,238.9,0.03
2015-02-23,238.8,1.31
2015-02-22,235.7,-3.55
2015-02-21,244.4,-0.04
2015-02-20,244.5,1.07
2015-02-19,241.9,2.86
2015-02-18,235.2,-3.29
2015-02-17,243.2,3.13
2015-02-16,235.8,1.1
2015-02-15,233.3,-9.81
2015-02-14,258.6,9.51
2015-02-13,236.2,6.48
2015-02-12,221.8,1.35
2015-02-11,218.8,-0.38
2015-02-10,219.7,-0.3
2015-02-09,220.3,-1.49
2015-02-08,223.7,-1.76
2015-02-07,227.7,2.12
2015-02-06,223,2.97
2015-02-05,216.5,-4.44
2015-02-04,226.6,-0.36
2015-02-03,227.4,-4.79
2015-02-02,238.9,6.02
2015-02-01,225.3,3.1
2015-01-31,218.5,-5.75
2015-01-30,231.8,-0.92
2015-01-29,234,-0.92
2015-01-28,236.2,-10.29
2015-01-27,263.3,-2.2
2015-01-26,269.2,6.78
2015-01-25,252.1,1.58
2015-01-24,248.2,6.89
2015-01-23,232.2,-0.23
2015-01-22,232.7,1.99
2015-01-21,228.2,8.37
2015-01-20,210.6,-2.46
2015-01-19,215.9,2.49
2015-01-18,210.6,5.49
2015-01-17,199.6,-3.51
2015-01-16,206.9,-1.36
2015-01-15,209.8,27.2
2015-01-14,164.9,-25.47
2015-01-13,221.3,-17.84
2015-01-12,269.3,1.72
2015-01-11,264.8,-3.14
2015-01-10,273.4,-5.08
2015-01-09,288,1.87
2015-01-08,282.7,-2.97
2015-01-07,291.3,3.21
2015-01-06,282.3,2.7
2015-01-05,274.8,3.82
2015-01-04,264.7,-7.8
2015-01-03,287.1,-8.91
2015-01-02,315.2,0.1
2015-01-01,314.9,-1.05
2014-12-31,318.2,2.24
2014-12-30,311.3,-0.91
2014-12-29,314.1,-0.76
2014-12-28,316.5,0.38
2014-12-27,315.3,-4.44
2014-12-26,330,3.45
2014-12-25,319,-1.06
2014-12-24,322.4,-3.83
2014-12-23,335.3,1.33
2014-12-22,330.8,2.54
2014-12-21,322.6,-2.34
2014-12-20,330.4,3.96
2014-12-19,317.8,2.4
2014-12-18,310.3,-3.02
2014-12-17,320,-3.09
2014-12-16,330.2,-4.39
2014-12-15,345.4,-1.14
2014-12-14,349.4,0.32
2014-12-13,348.2,-1.46
2014-12-12,353.4,1.65
2014-12-11,347.7,-0.07
2014-12-10,347.9,-1.21
2014-12-09,352.2,-3.5
2014-12-08,365,-3.06
2014-12-07,376.5,0.06
2014-12-06,376.3,-0.36
2014-12-05,377.6,2.11
2014-12-04,369.8,-1.89
2014-12-03,377,-0.97
2014-12-02,380.6,0.54
2014-12-01,378.6,0.98
2014-11-30,374.9,-0.36
2014-11-29,376.3,-0.35
2014-11-28,377.6,2.38
2014-11-27,368.8,0.95
2014-11-26,365.4,-2.94
2014-11-25,376.4,-0.64
2014-11-24,378.9,3.55
2014-11-23,365.9,3.93
2014-11-22,352,0.07
2014-11-21,351.8,-1.55
2014-11-20,357.3,-6.33
2014-11-19,381.4,0.6
2014-11-18,379.2,-1.44
2014-11-17,384.7,-0.24
2014-11-16,385.6,2.87
2014-11-15,374.9,-5.46
2014-11-14,396.5,-7.51
2014-11-13,428.7,-0.77
2014-11-12,432,18.23
2014-11-11,365.4,-0.47
2014-11-10,367.1,1.41
2014-11-09,362,5.39
2014-11-08,343.5,0.49
2014-11-07,341.9,-1.67
2014-11-06,347.7,2.86
2014-11-05,338,3.06
2014-11-04,328,1.15
2014-11-03,324.2,0.52
2014-11-02,322.5,-0.88
2014-11-01,325.4,-3.68
2014-10-31,337.9,-2.03
2014-10-30,344.9,2.91
2014-10-29,335.1,-4.54
2014-10-28,351.1,0.28
2014-10-27,350.1,0.41
2014-10-26,348.7,0.56
2014-10-25,346.7,-2.36
2014-10-24,355.1,-0.19
2014-10-23,355.8,-6.11
2014-10-22,378.9,-0.89
2014-10-21,382.4,0.52
2014-10-20,380.4,-1.78
2014-10-19,387.3,-0.92
2014-10-18,390.9,2.73
2014-10-17,380.5,0.19
2014-10-16,379.8,-3.41
2014-10-15,393.2,-0.99
2014-10-14,397.1,2.53
2014-10-13,387.3,3.79
2014-10-12,373.2,3.31
2014-10-11,361.2,-0.14
2014-10-10,361.7,0.22
2014-10-09,360.9,2.86
2014-10-08,350.9,5.8
2014-10-07,331.6,0.03
2014-10-06,331.5,2.69
2014-10-05,322.9,-3.72
2014-10-04,335.3,-7.74
2014-10-03,363.5,-3.12
2014-10-02,375.1,-2.01
2014-10-01,382.8,-1.37
2014-09-30,388.2,3.03
2014-09-29,376.8,-0.61
2014-09-28,379.1,-5
2014-09-27,399,-1.35
2014-09-26,404.5,-1.9
2014-09-25,412.3,-2.71
2014-09-24,423.8,-3
2014-09-23,436.9,8.11
2014-09-22,404.1,0.62
2014-09-21,401.6,-2.41
2014-09-20,411.5,3.49
2014-09-19,397.7,-6.27
2014-09-18,424.3,-7.99
2014-09-17,461.1,-1.21
2014-09-16,466.8,-2.29
2014-09-15,477.7,0
2014-09-14,477.7,-0.09
2014-09-13,478.2,0.09
2014-09-12,477.7,-0.16
2014-09-11,478.5,-0.25
2014-09-10,479.7,1.01
2014-09-09,474.9,-0.17
2014-09-08,475.7,-2.07
2014-09-07,485.8,0.26
2014-09-06,484.5,0.17
2014-09-05,483.6,-1.49
2014-09-04,491,2.28
2014-09-03,480,0.23
2014-09-02,478.9,0.37
2014-09-01,477.2,-0.95
2014-08-31,481.8,-4.78
2014-08-30,506,-1.29
2014-08-29,512.6,0.35
2014-08-28,510.8,-0.87
2014-08-27,515.2,0.52
2014-08-26,512.6,1.91
2014-08-25,502.9,-1.33
2014-08-24,509.7,2.42
2014-08-23,497.7,-3.57
2014-08-22,516.1,-0.36
2014-08-21,517.9,0.22
2014-08-20,516.8,6.53
2014-08-19,485.1,4.96
2014-08-18,462.2,-4.8
2014-08-17,485.5,-6.99
2014-08-16,522,5.15
2014-08-15,496.5,-1.65
2014-08-14,504.8,-6.88
2014-08-13,542.1,-4.5
2014-08-12,567.7,-1.43
2014-08-11,575.9,-2.73
2014-08-10,592.1,0.43
2014-08-09,589.5,-1.06
2014-08-08,595.8,0.51
2014-08-07,592.8,0.51
2014-08-06,589.8,0.17
2014-08-05,588.8,-0.68
2014-08-04,592.8,0.65
2014-08-03,588.9,-0.47
2014-08-02,591.7,-1.18
2014-08-01,598.8,1.57
2014-07-31,589.5,4.41
2014-07-30,564.6,-3.61
2014-07-29,585.8,-0.37
2014-07-28,587.9,-1.19
2014-07-27,595,-0.16
2014-07-26,596,-0.75
2014-07-25,600.5,-0.23
2014-07-24,601.9,-3.19
2014-07-23,621.7,-0.13
2014-07-22,622.5,-0.42
2014-07-21,625.1,0.67
2014-07-20,621,-0.97
2014-07-19,627,-0.07
2014-07-18,627.5,0.14
2014-07-17,626.6,1.92
2014-07-16,614.8,-0.77
2014-07-15,619.6,0.21
2014-07-14,618.3,-1.55
2014-07-13,628,-1.24
2014-07-12,635.9,0.47
2014-07-11,632.9,2.35
2014-07-10,618.4,-0.74
2014-07-09,623,1.25
2014-07-08,615.3,0.28
2014-07-07,613.6,-2.08
2014-07-06,626.7,0.59
2014-07-05,623,-0.16
2014-07-04,624,-2.21
2014-07-03,638,-1.19
2014-07-02,645.7,0.39
2014-07-01,643.2,1.27
2014-06-30,635.1,5.67
2014-06-29,601.1,0.59
2014-06-28,597.6,-0.78
2014-06-27,602.2,3.35
2014-06-26,582.7,2.51
2014-06-25,568.5,-3.45
2014-06-24,588.8,-0.41
2014-06-23,591.2,-2.06
2014-06-22,603.6,1.1
2014-06-21,597,1.06
2014-06-20,590.8,-1.57
2014-06-19,600.2,-1
2014-06-18,606.2,0.19
2014-06-17,605.1,1
2014-06-16,599.1,2.88
2014-06-15,582.3,-0.19
2014-06-14,583.4,-4.41
2014-06-13,610.3,2.21
2014-06-12,597.1,-7.13
2014-06-11,643,-1.93
2014-06-10,655.6,1.75
2014-06-09,644.3,-1.03
2014-06-08,651,-0.1
2014-06-07,651.7,0.19
2014-06-06,650.4,-1.48
2014-06-05,660.2,3.33
2014-06-04,638.9,-4.56
2014-06-03,669.4,2.13
2014-06-02,655.5,0.88
2014-06-01,649.8,3.48
2014-05-31,627.9,2.54
2014-05-30,612.3,8.49
2014-05-29,564.4,-1.12
2014-05-28,570.8,0.13
2014-05-27,570.1,-2.05
2014-05-26,582,2.03
2014-05-25,570.4,9.6
2014-05-24,520.5,0.46
2014-05-23,518.1,0.53
2014-05-22,515.4,5.43
2014-05-21,488.8,0.88
2014-05-20,484.6,9.16
2014-05-19,443.9,-1.39
2014-05-18,450.1,-0.59
2014-05-17,452.8,-0.19
2014-05-16,453.6,1.23
2014-05-15,448.1,1.24
2014-05-14,442.6,2.01
2014-05-13,433.9,-0.98
2014-05-12,438.2,1.15
2014-05-11,433.2,-4.13
2014-05-10,451.9,1.45
2014-05-09,445.5,0.98
2014-05-08,441.1,-1.22
2014-05-07,446.5,3.32
2014-05-06,432.2,0.31
2014-05-05,430.9,-1.19
2014-05-04,436,-0.59
2014-05-03,438.6,-3.31
2014-05-02,453.7,-1.4
2014-05-01,460.1,3.25
2014-04-30,445.6,-0.11
2014-04-29,446.1,0.95
2014-04-28,441.9,-0.28
2014-04-27,443.2,-3.21
2014-04-26,457.9,-1.43
2014-04-25,464.5,-7.16
2014-04-24,500.3,2.67
2014-04-23,487.3,-0.13
2014-04-22,487.9,-1.46
2014-04-21,495.2,-0.67
2014-04-20,498.5,-1.48
2014-04-19,506,4.22
2014-04-18,485.5,-3.28
2014-04-17,502,-6.51
2014-04-16,537,2
2014-04-15,526.4,10.04
2014-04-14,478.4,11.88
2014-04-13,427.6,-2.3
2014-04-12,437.6,0.58
2014-04-11,435.1,13.13
2014-04-10,384.6,-15.9
2014-04-09,457.3,-1.98
2014-04-08,466.6,0.9
2014-04-07,462.4,1.47
2014-04-06,455.7,-0.21
2014-04-05,456.6,2.76
2014-04-04,444.4,1.85
2014-04-03,436.3,2.81
2014-04-02,424.4,-8.43
2014-04-01,463.5,4.23
2014-03-31,444.7,-0.51
2014-03-30,446.9,-6.33
2014-03-29,477.1,-1.14
2014-03-28,482.6,4.81
2014-03-27,460.5,-18.13
2014-03-26,562.5,-0.08
2014-03-25,562.9,-0.82
2014-03-24,567.6,2.98
2014-03-23,551.2,-2.34
2014-03-22,564.3,2.68
2014-03-21,549.6,-2.9
2014-03-20,566,-4.87
2014-03-19,595,-0.66
2014-03-18,598.9,-1.23
2014-03-17,606.4,-2.06
2014-03-16,619.1,-0.78
2014-03-15,624,1.63
2014-03-14,614,-1.76
2014-03-13,625,0.91
2014-03-12,619.4,1.76
2014-03-11,608.7,-0.7
2014-03-10,613,-2.25
2014-03-09,627,2.93
2014-03-08,609.2,-1.22
2014-03-07,616.7,-4.86
2014-03-06,648.3,-1.53
2014-03-05,658.3,-0.54
2014-03-04,661.8,-0.05
2014-03-03,662.2,21.6
2014-03-02,544.6,-2.3
2014-03-01,557.4,-2.88
2014-02-28,573.9,-3.78
2014-02-27,596.5,0.56
2014-02-26,593.1,336.84
2014-02-25,135.8,-21.97
2014-02-24,174,-43.9
2014-02-23,310.2,21.35
2014-02-22,255.6,129.11
2014-02-21,111.6,-0.32
2014-02-20,111.9,-57.21
2014-02-19,261.5,-11.03
2014-02-18,294,7.96
2014-02-17,272.3,-9.18
2014-02-16,299.8,-19.21
2014-02-15,371.1,-13.24
2014-02-14,427.7,-5.26
2014-02-13,451.4,-15
2014-02-12,531.1,-8.26
2014-02-11,579,-0.63
2014-02-10,582.6,-11.67
2014-02-09,659.6,1.66
2014-02-08,648.8,-6.74
2014-02-07,695.7,-16.07
2014-02-06,828.9,-8.36
2014-02-05,904.5,-2.39
2014-02-04,926.6,-0.54
2014-02-03,931.7,-2.27
2014-02-02,953.3,1.37
2014-02-01,940.4,0.17
2014-01-31,938.8,-0.27
2014-01-30,941.4,1.7
2014-01-29,925.7,-0.75
2014-01-28,932.7,-1.15
2014-01-27,943.5,-6.3
2014-01-26,1007,4.78
2014-01-25,961,4.86
2014-01-24,916.5,-2.92
2014-01-23,944.2,-0.71
2014-01-22,951,-1.17
2014-01-21,962.2,0.65
2014-01-20,956,0.12
2014-01-19,954.8,5.42
2014-01-18,905.7,1.29
2014-01-17,894.2,-2.12
2014-01-16,913.5,-2.95
2014-01-15,941.2,2.39
2014-01-14,919.3,-0.39
2014-01-13,922.9,-1.8
2014-01-12,939.8,-6.52
2014-01-11,1005.3,4.97
2014-01-10,957.8,2.22
2014-01-09,937,-0.2
2014-01-08,938.8,6.7
2014-01-07,879.9,-13.11
2014-01-06,1012.7,-0.21
2014-01-05,1014.7,9.74
2014-01-04,924.7,4.57
2014-01-03,884.3,3.19
2014-01-02,856.9,5.02
2014-01-01,815.9,1.24
2013-12-31,805.9,0.14
2013-12-30,804.8,2.53
2013-12-29,785,3.01
2013-12-28,762,-5.11
2013-12-27,803,0.13
2013-12-26,802,13.39
2013-12-25,707.3,0.64
2013-12-24,702.8,-1.47
2013-12-23,713.2,11.53
2013-12-22,639.5,-0.15
2013-12-21,640.5,-1.46
2013-12-20,650,-11.2
2013-12-19,732,35.3
2013-12-18,541,-24.34
2013-12-17,715,-5.92
2013-12-16,759.9,-17.39
2013-12-15,919.9,1.2
2013-12-14,908.9,-2.97
2013-12-13,936.8,4.09
2013-12-12,900,-2.17
2013-12-11,919.9,-11.01
2013-12-10,1033.7,12.49
2013-12-09,919,14.3
2013-12-08,804,15.34
2013-12-07,697,-17.51
2013-12-06,845,-23.62
2013-12-05,1106.3,-10.6
2013-12-04,1237.6,7.16
2013-12-03,1154.9,5.32
2013-12-02,1096.6,9.18
2013-12-01,1004.4,-16.69
2013-11-30,1205.7,-0.11
2013-11-29,1206.9,9.58
2013-11-28,1101.4,1.99
2013-11-27,1079.9,11.33
2013-11-26,970,16.86
2013-11-25,830,4.4
2013-11-24,795,-4.5
2013-11-23,832.5,3.8
2013-11-22,802,4.85
2013-11-21,764.9,19.9
2013-11-20,638,-1.2
2013-11-19,645.7,-17.79
2013-11-18,785.4,48.67
2013-11-17,528.3,14.36
2013-11-16,462,6.46
2013-11-15,433.9,0.12
2013-11-14,433.4,-0.33
2013-11-13,434.9,14.42
2013-11-12,380,4.7
2013-11-11,363,7.93
2013-11-10,336.3,-8.56
2013-11-09,367.8,3.6
2013-11-08,355,14.65
2013-11-07,309.6,17.25
2013-11-06,264.1,5.09
2013-11-05,251.3,5.52
2013-11-04,238.2,6.32
2013-11-03,224,5.82
2013-11-02,211.7,-0.82
2013-11-01,213.4,1.07
2013-10-31,211.2,1.52
2013-10-30,208,-3.7
2013-10-29,216,4.4
2013-10-28,206.9,0
2013-10-27,206.9,9.73
2013-10-26,188.6,-4.71
2013-10-25,197.9,-4.4
2013-10-24,207,-9.21
2013-10-23,228,12.31
2013-10-22,203,5.3
2013-10-21,192.8,3.59
2013-10-20,186.1,1.61
2013-10-19,183.1,8.84
2013-10-18,168.3,6.78
2013-10-17,157.6,3.12
2013-10-16,152.8,-3.33
2013-10-15,158.1,4.44
2013-10-14,151.4,2.6
2013-10-13,147.5,3.25
2013-10-12,142.9,1.99
2013-10-11,140.1,-0.22
2013-10-10,140.4,0.65
2013-10-09,139.5,2.21
2013-10-08,136.5,0.51
2013-10-07,135.8,-1.45
2013-10-06,137.8,0.8
2013-10-05,136.7,-0.09
2013-10-04,136.8,4.45
2013-10-03,131,6.5
2013-10-02,123,-12.33
2013-10-01,140.3,-1.13
2013-09-30,141.9,-1.38
2013-09-29,143.9,0.97
2013-09-28,142.5,2.57
2013-09-27,138.9,1.33
2013-09-26,137.1,1.56
2013-09-25,135,0.16
2013-09-24,134.8,1.03
2013-09-23,133.4,-0.45
2013-09-22,134,-0.28
2013-09-21,134.4,0.43
2013-09-20,133.8,-0.92
2013-09-19,135.1,-3.82
2013-09-18,140.4,0.91
2013-09-17,139.1,-0.19
2013-09-16,139.4,0.81
2013-09-15,138.3,1.16
2013-09-14,136.7,-2.81
2013-09-13,140.7,0.94
2013-09-12,139.4,-1.94
2013-09-11,142.1,7.15
2013-09-10,132.6,-0.36
2013-09-09,133.1,5.37
2013-09-08,126.3,-2.07
2013-09-07,129,5.82
2013-09-06,121.9,-6.37
2013-09-05,130.2,-1.74
2013-09-04,132.5,-7.98
2013-09-03,144,0
2013-09-02,144,-1.38
2013-09-01,146,3.55
2013-08-31,141,2.15
2013-08-30,138,6.75
2013-08-29,129.3,0.42
2013-08-28,128.8,-1.93
2013-08-27,131.3,9.34
2013-08-26,120.1,-1.67
2013-08-25,122.1,2.1
2013-08-24,119.6,0.92
2013-08-23,118.5,-2.86
2013-08-22,122,-1.05
2013-08-21,123.3,1.73
2013-08-20,121.2,2.28
2013-08-19,118.5,4.52
2013-08-18,113.4,0.56
2013-08-17,112.8,3.45
2013-08-16,109,-0.91
2013-08-15,110,-2.28
2013-08-14,112.6,2.7
2013-08-13,109.6,2.61
2013-08-12,106.8,1.72
2013-08-11,105,1.94
2013-08-10,103,0.19
2013-08-09,102.8,-0.24
2013-08-08,103.1,-2.77
2013-08-07,106,-0.53
2013-08-06,106.6,-0.15
2013-08-05,106.7,1.52
2013-08-04,105.1,0.16
2013-08-03,104.9,0.43
2013-08-02,104.5,0.48
2013-08-01,104,-2.08
2013-07-31,106.2,-1.62
2013-07-30,108,6.39
2013-07-29,101.5,2.73
2013-07-28,98.8,4.64
2013-07-27,94.4,-1.69
2013-07-26,96,-0.96
2013-07-25,96.9,1.96
2013-07-24,95.1,-0.49
2013-07-23,95.6,4.32
2013-07-22,91.6,-0.43
2013-07-21,92,2.43
2013-07-20,89.8,-2.37
2013-07-19,92,2.14
2013-07-18,90.1,-8.56
2013-07-17,98.5,1.44
2013-07-16,97.1,-1.81
2013-07-15,98.9,4.73
2013-07-14,94.4,-3.97
2013-07-13,98.3,4.61
2013-07-12,94,5.63
2013-07-11,89,1.11
2013-07-10,88,14.73
2013-07-09,76.7,0.92
2013-07-08,76,-0.65
2013-07-07,76.5,9.82
2013-07-06,69.7,1.69
2013-07-05,68.5,-14.42
2013-07-04,80,1.46
2013-07-03,78.9,-12.74
2013-07-02,90.4,2.68
2013-07-01,88.1,-9.7
2013-06-30,97.5,2.64
2013-06-29,95,0.36
2013-06-28,94.7,-6.96
2013-06-27,101.7,-2.17
2013-06-26,104,0.65
2013-06-25,103.3,1.21
2013-06-24,102.1,-5.38
2013-06-23,107.9,-0.28
2013-06-22,108.2,-1.19
2013-06-21,109.5,-1.61
2013-06-20,111.3,2.81
2013-06-19,108.3,0.84
2013-06-18,107.3,5.3
2013-06-17,101.9,2.05
2013-06-16,99.9,0.1
2013-06-15,99.8,-0.2
2013-06-14,100,-3.8
2013-06-13,103.9,-4.44
2013-06-12,108.8,-0.2
2013-06-11,109,2.49
2013-06-10,106.3,5.88
2013-06-09,100.4,-6.91
2013-06-08,107.9,-2.8
2013-06-07,111,-6.7
2013-06-06,119,-2.4
2013-06-05,121.9,0.41
2013-06-04,121.4,0.55
2013-06-03,120.7,-1.44
2013-06-02,122.5,-5.26
2013-06-01,129.3,0.37
2013-05-31,128.8,0
2013-05-30,128.8,-2.61
2013-05-29,132.3,2.52
2013-05-28,129,-0.59
2013-05-27,129.8,-2.79
2013-05-26,133.5,1.14
2013-05-25,132,-0.83
2013-05-24,133.1,5.38
2013-05-23,126.3,2.02
2013-05-22,123.8,0.74
2013-05-21,122.9,0.71
2013-05-20,122,-0.39
2013-05-19,122.5,-0.58
2013-05-18,123.2,-0.23
2013-05-17,123.5,4.48
2013-05-16,118.2,3.49
2013-05-15,114.2,2.53
2013-05-14,111.4,-5.58
2013-05-13,118,2.75
2013-05-12,114.8,-0.71
2013-05-11,115.6,-1.75
2013-05-10,117.7,4.34
2013-05-09,112.8,-0.35
2013-05-08,113.2,3.28
2013-05-07,109.6,-2.36
2013-05-06,112.3,-3.22
2013-05-05,116,2.73
2013-05-04,112.9,15.09
2013-05-03,98.1,-7.67
2013-05-02,106.3,-8.7
2013-05-01,116.4,-16.41
2013-04-30,139.2,-3.31
2013-04-29,144,7.11
2013-04-28,134.4,5.03
2013-04-27,128,-6.5
2013-04-26,136.9,-3.39
2013-04-25,141.7,-8.1
2013-04-24,154.2,7.47
2013-04-23,143.5,12.62
2013-04-22,127.4,6.88
2013-04-21,119.2,-5.86
2013-04-20,126.6,6.87
2013-04-19,118.5,8.69
2013-04-18,109,17.13
2013-04-17,93.1,36.15
2013-04-16,68.4,-17.03
2013-04-15,82.4,-8.46
2013-04-14,90,-3.23
2013-04-13,93,-20.51
2013-04-12,117,-6.33
2013-04-11,124.9,-24.3
2013-04-10,165,-28.26
2013-04-09,230,22.67
2013-04-08,187.5,15.53
2013-04-07,162.3,13.79
2013-04-06,142.6,0.22
2013-04-05,142.3,7.72
2013-04-04,132.1,-2.13
2013-04-03,135,14.43
2013-04-02,118,13.44
2013-04-01,104,11.79
2013-03-31,93,0.91
2013-03-30,92.2,1.87
2013-03-29,90.5,5.01
2013-03-28,86.2,-3.08
2013-03-27,88.9,13.27
2013-03-26,78.5,6.66
2013-03-25,73.6,2.94
2013-03-24,71.5,11.11
2013-03-23,64.3,-7.9
2013-03-22,69.9,-1.38
2013-03-21,70.8,9.86
2013-03-20,64.5,9.05
2013-03-19,59.1,14.61
2013-03-18,51.6,8.86
2013-03-17,47.4,0.85
2013-03-16,47,0
2013-03-15,47,-0.47
2013-03-14,47.2,0.53
2013-03-13,46.9,5.94
2013-03-12,44.3,-8.49
2013-03-11,48.4,5.22
2013-03-10,46,-1.81
2013-03-09,46.8,6.04
2013-03-08,44.2,5.19
2013-03-07,42,2.39
2013-03-06,41,1.71
2013-03-05,40.3,11.56
2013-03-04,36.2,4.78
2013-03-03,34.5,0.73
2013-03-02,34.3,-0.72
2013-03-01,34.5,3.36
2013-02-28,33.4,8.03
2013-02-27,30.9,-0.64
2013-02-26,31.1,2.3
2013-02-25,30.4,1.71
2013-02-24,29.9,0.3
2013-02-23,29.8,-1.49
2013-02-22,30.3,1.68
2013-02-21,29.8,0.34
2013-02-20,29.6,0.78
2013-02-19,29.4,9.17
2013-02-18,27,0.52
2013-02-17,26.8,-1.51
2013-02-16,27.2,0.44
2013-02-15,27.1,-0.44
2013-02-14,27.2,12.48
2013-02-13,24.2,-3.85
2013-02-12,25.2,2.11
2013-02-11,24.6,2.84
2013-02-10,24,1.35
2013-02-09,23.6,4.37
2013-02-08,22.7,2.3
2013-02-07,22.1,4.58
2013-02-06,21.2,2.82
2013-02-05,20.6,0.83
2013-02-04,20.4,-0.78
2013-02-03,20.6,4.89
2013-02-02,19.6,-4.24
2013-02-01,20.5,0.44
2013-01-31,20.4,3.6
2013-01-30,19.7,0.87
2013-01-29,19.5,4.33
2013-01-28,18.7,5.05
2013-01-27,17.8,-0.34
2013-01-26,17.9,2.76
2013-01-25,17.4,2.96
2013-01-24,16.9,-3.43
2013-01-23,17.5,1.39
2013-01-22,17.3,2.74
2013-01-21,16.8,7.01
2013-01-20,15.7,0.51
2013-01-19,15.6,-0.51
2013-01-18,15.7,1.29
2013-01-17,15.5,5.23
2013-01-16,14.7,3.37
2013-01-15,14.3,-0.35
2013-01-14,14.3,1.27
2013-01-13,14.1,-0.84
2013-01-12,14.2,0.71
2013-01-11,14.1,0
2013-01-10,14.1,2.69
2013-01-09,13.8,0
2013-01-08,13.7,1.1
2013-01-07,13.6,1.04
2013-01-06,13.4,0
2013-01-05,13.4,-0.44
2013-01-04,13.5,0.75
2013-01-03,13.4,0.9
2013-01-02,13.3,0
2013-01-01,13.3,-1.55
2012-12-31,13.5,0.45
2012-12-30,13.4,0.37
2012-12-29,13.4,0
2012-12-28,13.4,0
2012-12-27,13.4,-0.37
2012-12-26,13.5,0.9
2012-12-25,13.4,0
2012-12-24,13.4,0.53
2012-12-23,13.3,-0.45
2012-12-22,13.4,-0.96
2012-12-21,13.5,0
2012-12-20,13.5,-0.59
2012-12-19,13.6,2.26
2012-12-18,13.3,0.38
2012-12-17,13.3,-0.38
2012-12-16,13.3,-1.41
2012-12-15,13.5,-0.81
2012-12-14,13.6,-0.73
2012-12-13,13.7,0
2012-12-12,13.7,1.03
2012-12-11,13.6,0.97
2012-12-10,13.4,0
2012-12-09,13.4,0
2012-12-08,13.4,-0.59
2012-12-07,13.5,1.5
2012-12-06,13.3,-0.6
2012-12-05,13.4,0
2012-12-04,13.4,5.76
2012-12-03,12.7,1.44
2012-12-02,12.5,-0.48
2012-12-01,12.6,0
2012-11-30,12.6,0.96
2012-11-29,12.4,0.81
2012-11-28,12.4,1.23
2012-11-27,12.2,-0.41
2012-11-26,12.3,-1.84
2012-11-25,12.5,0.56
2012-11-24,12.4,0.49
2012-11-23,12.4,-0.56
2012-11-22,12.4,5.52
2012-11-21,11.8,0
2012-11-20,11.7,-0.59
2012-11-19,11.8,1.29
2012-11-18,11.6,-1.19
2012-11-17,11.8,0
2012-11-16,11.8,4.91
2012-11-15,11.2,2.28
2012-11-14,10.9,0
2012-11-13,10.9,-0.54
2012-11-12,11,1.29
2012-11-11,10.9,0
2012-11-10,10.9,0.65
2012-11-09,10.8,-1.01
2012-11-08,10.9,0
2012-11-07,10.9,0
2012-11-06,10.9,1.4
2012-11-05,10.8,-0.46
2012-11-04,10.8,1.5
2012-11-03,10.6,1.62
2012-11-02,10.5,-0.95
2012-11-01,10.6,-5.63
2012-10-31,11.2,2.85
2012-10-30,10.9,2.74
2012-10-29,10.6,-0.93
2012-10-28,10.7,4.29
2012-10-27,10.3,0.88
2012-10-26,10.2,-6.35
2012-10-25,10.9,-6.78
2012-10-24,11.6,0
2012-10-23,11.6,-0.51
2012-10-22,11.7,0.69
2012-10-21,11.6,-0.94
2012-10-20,11.7,0
2012-10-19,11.7,-1.68
2012-10-18,11.9,1.1
2012-10-17,11.8,0
2012-10-16,11.9,0
2012-10-15,11.8,0.85
2012-10-14,11.7,-1.01
2012-10-13,11.9,-1.17
2012-10-12,12,0
2012-10-11,12,-0.74
2012-10-10,12.1,1.85
2012-10-09,11.9,1.02
2012-10-08,11.8,0
2012-10-07,11.8,-5.68
2012-10-06,12.5,-1.42
2012-10-05,12.7,-1.25
2012-10-04,12.9,0
2012-10-03,12.9,0.39
2012-10-02,12.8,3.55
2012-10-01,12.4,0
2012-09-30,12.4,0
2012-09-29,12.4,0
2012-09-28,12.4,0.65
2012-09-27,12.3,0
2012-09-26,12.3,0.57
2012-09-25,12.2,0.83
2012-09-24,12.1,-0.74
2012-09-23,12.2,-0.41
2012-09-22,12.2,-1.05
2012-09-21,12.4,0.73
2012-09-20,12.3,-2.31
2012-09-19,12.6,2.61
2012-09-18,12.3,3.03
2012-09-17,11.9,0
2012-09-16,11.9,1.02
2012-09-15,11.8,0.69
2012-09-14,11.7,2.37
2012-09-13,11.4,0
2012-09-12,11.4,0
2012-09-11,11.3,1.43
2012-09-10,11.2,1.36
2012-09-09,11,0
2012-09-08,11,0
2012-09-07,11,-1.61
2012-09-06,11.2,1.64
2012-09-05,11,5.97
2012-09-04,10.4,-1.42
2012-09-03,10.5,3.24
2012-09-02,10.2,2.31
2012-09-01,10,-1.87
2012-08-31,10.2,-5.75
2012-08-30,10.8,-1.28
2012-08-29,10.9,0
2012-08-28,10.9,0
2012-08-27,10.9,3.2
2012-08-26,10.6,0.86
2012-08-25,10.5,-0.75
2012-08-24,10.6,4.95
2012-08-23,10.1,2.96
2012-08-22,9.8,-1.11
2012-08-21,9.9,-1.78
2012-08-20,10.1,26.25
2012-08-19,8,-31.09
2012-08-18,11.6,0
2012-08-17,11.6,-14.22
2012-08-16,13.5,1.89
2012-08-15,13.3,8.7
2012-08-14,12.2,1.25
2012-08-13,12,3.61
2012-08-12,11.6,0.96
2012-08-11,11.5,1.05
2012-08-10,11.4,2.98
2012-08-09,11.1,0
2012-08-08,11.1,0
2012-08-07,11.1,2.21
2012-08-06,10.9,0
2012-08-05,10.9,-1
2012-08-04,11,0
2012-08-03,11,4.18
2012-08-02,10.5,10.26
2012-08-01,9.6,2.14
2012-07-31,9.4,2.75
2012-07-30,9.1,4.48
2012-07-29,8.7,-2.02
2012-07-28,8.9,0
2012-07-27,8.9,0
2012-07-26,8.9,1.14
2012-07-25,8.8,2.33
2012-07-24,8.6,1.78
2012-07-23,8.4,0
2012-07-22,8.4,-4.97
2012-07-21,8.9,3.87
2012-07-20,8.5,-3.95
2012-07-19,8.9,-2.63
2012-07-18,9.1,3.52
2012-07-17,8.8,3.53
2012-07-16,8.5,11.55
2012-07-15,7.6,1.06
2012-07-14,7.5,-1.69
2012-07-13,7.7,-1.16
2012-07-12,7.8,8.53
2012-07-11,7.2,0
2012-07-10,7.2,2.56
2012-07-09,7,3.24
2012-07-08,6.8,0
2012-07-07,6.8,1.65
2012-07-06,6.7,0
2012-07-05,6.7,2.46
2012-07-04,6.5,0.93
2012-07-03,6.4,-4.59
2012-07-02,6.8,1.96
2012-07-01,6.6,-0.9
2012-06-30,6.7,0
2012-06-29,6.7,0
2012-06-28,6.6,0
2012-06-27,6.7,3.58
2012-06-26,6.4,1.9
2012-06-25,6.3,0
2012-06-24,6.3,-1.24
2012-06-23,6.4,-1.83
2012-06-22,6.6,-1.95
2012-06-21,6.7,0
2012-06-20,6.7,2.62
2012-06-19,6.5,3.01
2012-06-18,6.3,2.44
2012-06-17,6.2,-3.75
2012-06-16,6.4,-1.54
2012-06-15,6.5,9.24
2012-06-14,5.9,0
2012-06-13,5.9,4.04
2012-06-12,5.7,2.33
2012-06-11,5.6,1.83
2012-06-10,5.5,-1.62
2012-06-09,5.6,-1.24
2012-06-08,5.6,0
2012-06-07,5.6,2.38
2012-06-06,5.5,0
2012-06-05,5.4,3.23
2012-06-04,5.3,1.15
2012-06-03,5.2,0
2012-06-02,5.3,0
2012-06-01,5.3,1.74
2012-05-31,5.2,0
2012-05-30,5.1,0
2012-05-29,5.2,0
2012-05-28,5.1,0
2012-05-27,5.1,0
2012-05-26,5.1,-0.97
2012-05-25,5.2,0
2012-05-24,5.1,0
2012-05-23,5.1,0
2012-05-22,5.1,0
2012-05-21,5.1,0
2012-05-20,5.1,0
2012-05-19,5.1,0
2012-05-18,5.1,0
2012-05-17,5.1,0
2012-05-16,5.1,0.99
2012-05-15,5,0
2012-05-14,5,1.62
2012-05-13,4.9,0
2012-05-12,4.9,0
2012-05-11,5,2.27
2012-05-10,4.8,-3.77
2012-05-09,5,0
2012-05-08,5.1,0
2012-05-07,5.1,0
2012-05-06,5.1,0
2012-05-05,5.1,0
2012-05-04,5.1,-1.17
2012-05-03,5.1,1.18
2012-05-02,5.1,1.4
2012-05-01,5,1.01
2012-04-30,4.9,0
2012-04-29,4.9,-1.61
2012-04-28,5,-2.54
2012-04-27,5.1,0
2012-04-26,5.1,0
2012-04-25,5.1,0
2012-04-24,5.1,2.82
2012-04-23,5,-4.62
2012-04-22,5.2,-1.14
2012-04-21,5.3,-1.68
2012-04-20,5.3,4.09
2012-04-19,5.1,0
2012-04-18,5.1,2.81
2012-04-17,5,1.01
2012-04-16,4.9,0
2012-04-15,5,0
2012-04-14,5,0
2012-04-13,4.9,0
2012-04-12,4.9,0
2012-04-11,4.9,1.86
2012-04-10,4.8,0
2012-04-09,4.9,1.67
2012-04-08,4.8,2.13
2012-04-07,4.7,-5.25
2012-04-06,4.9,0
2012-04-05,4.9,0
2012-04-04,4.9,0
2012-04-03,4.9,0
2012-04-02,5,2.9
2012-04-01,4.8,-1.63
2012-03-31,4.9,0
2012-03-30,4.9,1.04
2012-03-29,4.8,0
2012-03-28,4.8,0
2012-03-27,4.8,4.11
2012-03-26,4.6,1.54
2012-03-25,4.6,-2.78
2012-03-24,4.7,0
2012-03-23,4.7,0
2012-03-22,4.7,-2.29
2012-03-21,4.8,0
2012-03-20,4.8,3.2
2012-03-19,4.7,-11.17
2012-03-18,5.3,1.15
2012-03-17,5.2,-2.25
2012-03-16,5.3,0
2012-03-15,5.3,-0.93
2012-03-14,5.4,2.09
2012-03-13,5.3,7.77
2012-03-12,4.9,0
2012-03-11,4.9,1.66
2012-03-10,4.8,0
2012-03-09,4.9,-1.42
2012-03-08,4.9,0
2012-03-07,4.9,0
2012-03-06,5,0
2012-03-05,5,3.32
2012-03-04,4.8,4.56
2012-03-03,4.6,-1.91
2012-03-02,4.7,-4.47
2012-03-01,4.9,1.23
2012-02-29,4.9,0
2012-02-28,4.9,-1.81
2012-02-27,5,0
2012-02-26,4.9,3.14
2012-02-25,4.8,-5.17
2012-02-24,5,0
2012-02-23,5,13.35
2012-02-22,4.4,3.51
2012-02-21,4.3,-2.06
2012-02-20,4.4,0
2012-02-19,4.4,4.03
2012-02-18,4.2,-4.31
2012-02-17,4.4,3.28
2012-02-16,4.3,-1.39
2012-02-15,4.3,-2.91
2012-02-14,4.5,-15.21
2012-02-13,5.3,-4.54
2012-02-12,5.5,-1.61
2012-02-11,5.6,-5.25
2012-02-10,5.9,1.37
2012-02-09,5.8,4.11
2012-02-08,5.6,-1.58
2012-02-07,5.7,4.4
2012-02-06,5.4,-4.22
2012-02-05,5.7,-3.07
2012-02-04,5.9,-1.51
2012-02-03,6,-2.3
2012-02-02,6.1,0
2012-02-01,6.1,10.95
2012-01-31,5.5,0
2012-01-30,5.5,2.04
2012-01-29,5.4,-4.44
2012-01-28,5.6,6.43
2012-01-27,5.3,-0.94
2012-01-26,5.3,-7.13
2012-01-25,5.8,-8.59
2012-01-24,6.3,-1.1
2012-01-23,6.4,0.79
2012-01-22,6.3,2.1
2012-01-21,6.2,-4.78
2012-01-20,6.5,2.04
2012-01-19,6.4,7.43
2012-01-18,5.9,5.71
2012-01-17,5.6,-16.17
2012-01-16,6.7,-4.57
2012-01-15,7,3.7
2012-01-14,6.8,5.3
2012-01-13,6.4,-5.74
2012-01-12,6.8,-1.45
2012-01-11,6.9,8.49
2012-01-10,6.4,0
2012-01-09,6.3,-10.97
2012-01-08,7.1,4.41
2012-01-07,6.8,1.64
2012-01-06,6.7,-3.6
2012-01-05,6.9,24.78
2012-01-04,5.6,14.14
2012-01-03,4.9,-6.51
2012-01-02,5.2,-0.95
2012-01-01,5.3,11.65
2011-12-31,4.7,11.06
2011-12-30,4.3,1.92
2011-12-29,4.2,0
2011-12-28,4.2,2.95
2011-12-27,4.1,1.24
2011-12-26,4,-4.74
2011-12-25,4.2,7.11
2011-12-24,3.9,0
2011-12-23,4,1.54
2011-12-22,3.9,0
2011-12-21,3.9,-1.52
2011-12-20,4,12.22
2011-12-19,3.5,10.34
2011-12-18,3.2,0
2011-12-17,3.2,0
2011-12-16,3.2,0
2011-12-15,3.2,0
2011-12-14,3.2,-3.08
2011-12-13,3.3,3.5
2011-12-12,3.1,-3.38
2011-12-11,3.3,6.56
2011-12-10,3,2.69
2011-12-09,3,0
2011-12-08,3,0
2011-12-07,3,0
2011-12-06,3,5.21
2011-12-05,2.9,1.77
2011-12-04,2.8,0
2011-12-03,2.8,-10.58
2011-12-02,3.1,1.96
2011-12-01,3.1,3.03
2011-11-30,3,8
2011-11-29,2.8,7.84
2011-11-28,2.5,2.82
2011-11-27,2.5,0
2011-11-26,2.5,0
2011-11-25,2.5,3.29
2011-11-24,2.4,4.29
2011-11-23,2.3,0
2011-11-22,2.3,0
2011-11-21,2.3,4.09
2011-11-20,2.2,0
2011-11-19,2.2,7.32
2011-11-18,2,-8.89
2011-11-17,2.3,-12.11
2011-11-16,2.6,9.87
2011-11-15,2.3,4.95
2011-11-14,2.2,-26
2011-11-13,3,0
2011-11-12,3,0
2011-11-11,3.1,8.45
2011-11-10,2.8,-3.73
2011-11-09,3,-2.96
2011-11-08,3,0
2011-11-07,3,0
2011-11-06,3,0
2011-11-05,3,-4.5
2011-11-04,3.1,0
2011-11-03,3.2,-3.08
2011-11-02,3.3,3.17
2011-11-01,3.2,-3.08
2011-10-31,3.3,0
2011-10-30,3.3,-8.66
2011-10-29,3.6,12.23
2011-10-28,3.2,4.93
2011-10-27,3,9.75
2011-10-26,2.8,0
2011-10-25,2.8,8.63
2011-10-24,2.5,-19.56
2011-10-23,3.2,0
2011-10-22,3.2,22.96
2011-10-21,2.6,9.36
2011-10-20,2.3,3.52
2011-10-19,2.3,-6.2
2011-10-18,2.4,-5.47
2011-10-17,2.6,-28.09
2011-10-16,3.6,-7.29
2011-10-15,3.8,-3.76
2011-10-14,4,-1.48
2011-10-13,4.1,-2.41
2011-10-12,4.2,5.6
2011-10-11,3.9,-4.15
2011-10-10,4.1,0
2011-10-09,4.1,2.24
2011-10-08,4,-6.09
2011-10-07,4.3,-9.73
2011-10-06,4.7,-2.87
2011-10-05,4.9,-1.81
2011-10-04,5,-1.2
2011-10-03,5,0
2011-10-02,5,0
2011-10-01,5,-2.14
2011-09-30,5.1,7.53
2011-09-29,4.8,0
2011-09-28,4.8,-3.05
2011-09-27,4.9,1.03
2011-09-26,4.9,-8.63
2011-09-25,5.3,-2.56
2011-09-24,5.5,-1.44
2011-09-23,5.6,2.21
2011-09-22,5.4,-3.21
2011-09-21,5.6,-8.18
2011-09-20,6.1,11.9
2011-09-19,5.5,5
2011-09-18,5.2,9.01
2011-09-17,4.8,-1.04
2011-09-16,4.8,0
2011-09-15,4.8,-13.88
2011-09-14,5.6,-3.1
2011-09-13,5.8,-4.61
2011-09-12,6.1,3.75
2011-09-11,5.9,22.85
2011-09-10,4.8,-5.17
2011-09-09,5,-22.97
2011-09-08,6.5,-9.18
2011-09-07,7.2,4.81
2011-09-06,6.9,-9.86
2011-09-05,7.6,-6.97
2011-09-04,8.2,-3.54
2011-09-03,8.5,-1.85
2011-09-02,8.6,5.24
2011-09-01,8.2,0
2011-08-31,8.2,-6.71
2011-08-30,8.8,-2.01
2011-08-29,9,-1.1
2011-08-28,9.1,5.59
2011-08-27,8.6,5.01
2011-08-26,8.2,-15.32
2011-08-25,9.7,-10.97
2011-08-24,10.9,-0.82
2011-08-23,10.9,0
2011-08-22,10.9,-3.63
2011-08-21,11.3,-1.22
2011-08-20,11.4,-1.72
2011-08-19,11.6,7.57
2011-08-18,10.8,-1.1
2011-08-17,10.9,0
2011-08-16,11,-1.7
2011-08-15,11.1,3.24
2011-08-14,10.8,6.61
2011-08-13,10.1,7.08
2011-08-12,9.5,0
2011-08-11,9.5,-5.21
2011-08-10,10,0
2011-08-09,10,28.08
2011-08-08,7.8,-1.27
2011-08-07,7.9,20.61
2011-08-06,6.6,-33.16
2011-08-05,9.8,-8.84
2011-08-04,10.8,16.09
2011-08-03,9.3,-23.15
2011-08-02,12.1,-7.94
2011-08-01,13.1,-1.95
2011-07-31,13.4,-1.33
2011-07-30,13.5,0
2011-07-29,13.5,0
2011-07-28,13.5,-3.23
2011-07-27,13.9,0.43
2011-07-26,13.9,-1.21
2011-07-25,14.1,0.5
2011-07-24,14,2.19
2011-07-23,13.7,0
2011-07-22,13.7,0.66
2011-07-21,13.6,-0.58
2011-07-20,13.7,-1.16
2011-07-19,13.9,2.74
2011-07-18,13.5,2.43
2011-07-17,13.2,-4.08
2011-07-16,13.7,-0.65
2011-07-15,13.8,-1.29
2011-07-14,14,0
2011-07-13,13.9,-0.43
2011-07-12,14,-1.41
2011-07-11,14.2,-4.63
2011-07-10,14.9,3.62
2011-07-09,14.4,0.49
2011-07-08,14.3,-3.18
2011-07-07,14.8,0
2011-07-06,14.8,14.48
2011-07-05,12.9,-6.85
2011-07-04,13.9,-10.23
2011-07-03,15.4,0
2011-07-02,15.4,0
2011-07-01,15.4,-4.35
2011-06-30,16.1,-4.45
2011-06-29,16.9,-0.59
2011-06-28,17,1.19
2011-06-27,16.8,1.82
2011-06-26,16.5,-6.05
2011-06-25,17.5,0
2011-06-24,17.5,0
2011-06-23,17.5,0
2011-06-22,17.5,0
2011-06-21,17.5,0
2011-06-20,17.5,0
2011-06-19,17.5,3.67
2011-06-18,16.9,7.72
2011-06-17,15.7,-7.76
2011-06-16,17,-12.78
2011-06-15,19.5,1.09
2011-06-14,19.3,-2.82
2011-06-13,19.8,6.95
2011-06-12,18.5,26.62
2011-06-11,14.6,-38.83
2011-06-10,24,-17.19
2011-06-09,28.9,-2.3
2011-06-08,29.6,23.75
2011-06-07,23.9,28.95
2011-06-06,18.5,11.08
2011-06-05,16.7,-11.59
2011-06-04,18.9,32.19
2011-06-03,14.3,34.81
2011-06-02,10.6,10.76
2011-06-01,9.6,9.5
2011-05-31,8.7,-0.68
2011-05-30,8.8,4.39
2011-05-29,8.4,1.57
2011-05-28,8.3,-2.35
2011-05-27,8.5,-3.41
2011-05-26,8.8,4.76
2011-05-25,8.4,13.21
2011-05-24,7.4,3.78
2011-05-23,7.2,6.88
2011-05-22,6.7,9.31
2011-05-21,6.1,9.48
2011-05-20,5.6,-17.91
2011-05-19,6.8,-1.02
2011-05-18,6.9,-4.31
2011-05-17,7.2,-10.46
2011-05-16,8,14.88
2011-05-15,7,-2.92
2011-05-14,7.2,-12.2
2011-05-13,8.2,30.16
2011-05-12,6.3,14.55
2011-05-11,5.5,-5.34
2011-05-10,5.8,52.89
2011-05-09,3.8,-1.81
2011-05-08,3.9,6.32
2011-05-07,3.6,5.51
2011-05-06,3.5,3.6
2011-05-05,3.3,-2.35
2011-05-04,3.4,0
2011-05-03,3.4,6.56
2011-05-02,3.2,5.61
2011-05-01,3,-13.43
2011-04-30,3.5,21.53
2011-04-29,2.9,30.32
2011-04-28,2.2,16.32
2011-04-27,1.9,6.15
2011-04-26,1.8,14.74
2011-04-25,1.6,-4.29
2011-04-24,1.6,-4.12
2011-04-23,1.7,20.57
2011-04-22,1.4,16.53
2011-04-21,1.2,6.14
2011-04-20,1.1,-5
2011-04-19,1.2,0
2011-04-18,1.2,0
2011-04-17,1.1,5.71
2011-04-16,1,6.07
2011-04-15,1,0
2011-04-14,1,8.4
2011-04-13,0.9,7.27
2011-04-12,0.9,11.69
2011-04-11,0.8,0
2011-04-10,0.7,0
2011-04-09,0.7,0
2011-04-08,0.8,0
2011-04-07,0.8,0
2011-04-06,0.7,0
2011-04-05,0.7,0
2011-04-04,0.7,-12.71
2011-04-03,0.8,0
2011-04-02,0.8,0
2011-04-01,0.8,0
2011-03-31,0.8,0
2011-03-30,0.8,0
2011-03-29,0.8,0
2011-03-28,0.8,0
2011-03-27,0.8,0
2011-03-26,0.9,0
2011-03-25,0.9,0
2011-03-24,0.9,0
2011-03-23,0.8,0
2011-03-22,0.8,6.59
2011-03-21,0.8,0
2011-03-20,0.7,0
2011-03-19,0.8,-6.31
2011-03-18,0.8,0
2011-03-17,0.8,0
2011-03-16,0.9,0
2011-03-15,0.9,0
2011-03-14,0.9,0
2011-03-13,0.9,0
2011-03-12,0.9,0
2011-03-11,0.9,-5.67
2011-03-10,0.9,7.91
2011-03-09,0.9,0
2011-03-08,0.9,0
2011-03-07,0.9,0
2011-03-06,0.9,0
2011-03-05,0.9,0
2011-03-04,0.9,0
2011-03-03,0.9,0
2011-03-02,0.9,0
2011-03-01,0.9,7
2011-02-28,0.9,0
2011-02-27,0.9,-7.1
2011-02-26,1,0
2011-02-25,0.9,-8.65
2011-02-24,1,10.82
2011-02-23,0.9,0
2011-02-22,0.9,0
2011-02-21,0.8,0
2011-02-20,0.9,-10.43
2011-02-19,0.9,5.57
2011-02-18,0.9,-13.57
2011-02-17,1,0
2011-02-16,1,0
2011-02-15,1,0
2011-02-14,1.1,0
2011-02-13,1,0
2011-02-12,1.1,0
2011-02-11,1.1,9.15
2011-02-10,1,-10.06
2011-02-09,1.1,18.74
2011-02-08,0.9,0
2011-02-07,0.9,0
2011-02-06,0.9,0
2011-02-05,0.9,13.44
2011-02-04,0.8,17.54
2011-02-03,0.7,0
2011-02-02,0.7,0
2011-02-01,0.7,34.62
2011-01-31,0.5,0
2011-01-30,0.5,0
2011-01-29,0.4,0
2011-01-28,0.4,0
2011-01-27,0.4,0
2011-01-26,0.4,0
2011-01-25,0.4,0
2011-01-24,0.4,0
2011-01-23,0.4,0
2011-01-22,0.4,0
2011-01-21,0.4,0
2011-01-20,0.4,24.6
2011-01-19,0.3,0
2011-01-18,0.3,0
2011-01-17,0.3,0
2011-01-16,0.4,0
2011-01-15,0.4,0
2011-01-14,0.4,25.94
2011-01-13,0.3,0
2011-01-12,0.3,0
2011-01-11,0.3,0
2011-01-10,0.3,0
2011-01-09,0.3,0
2011-01-08,0.3,0
2011-01-07,0.3,0
2011-01-06,0.3,0
2011-01-05,0.3,0
2011-01-04,0.3,0
2011-01-03,0.3,0
2011-01-02,0.3,0
2011-01-01,0.3,0
2010-12-31,0.3,0
2010-12-30,0.3,0
2010-12-29,0.3,0
2010-12-28,0.3,0
2010-12-27,0.3,0
2010-12-26,0.3,0
2010-12-25,0.2,0
2010-12-24,0.2,0
2010-12-23,0.3,0
2010-12-22,0.3,0
2010-12-21,0.2,0
2010-12-20,0.3,0
2010-12-19,0.2,0
2010-12-18,0.2,0
2010-12-17,0.2,0
2010-12-16,0.3,0
2010-12-15,0.2,0
2010-12-14,0.2,0
2010-12-13,0.2,0
2010-12-12,0.2,0
2010-12-11,0.2,0
2010-12-10,0.2,0
2010-12-09,0.2,0
2010-12-08,0.2,0
2010-12-07,0.2,0
2010-12-06,0.2,0
2010-12-05,0.2,0
2010-12-04,0.2,0
2010-12-03,0.3,0
2010-12-02,0.3,0
2010-12-01,0.2,0
2010-11-30,0.2,0
2010-11-29,0.2,0
2010-11-28,0.3,0
2010-11-27,0.3,0
2010-11-26,0.3,0
2010-11-25,0.3,0
2010-11-24,0.3,0
2010-11-23,0.3,0
2010-11-22,0.3,0
2010-11-21,0.3,0
2010-11-20,0.3,0
2010-11-19,0.3,0
2010-11-18,0.3,0
2010-11-17,0.2,0
2010-11-16,0.2,0
2010-11-15,0.3,0
2010-11-14,0.3,0
2010-11-13,0.3,0
2010-11-12,0.3,0
2010-11-11,0.2,0
2010-11-10,0.2,0
2010-11-09,0.2,0
2010-11-08,0.2,-28.53
2010-11-07,0.3,0
2010-11-06,0.4,50
2010-11-05,0.3,0
2010-11-04,0.2,0
2010-11-03,0.2,0
2010-11-02,0.2,0
2010-11-01,0.2,0
2010-10-31,0.2,0
2010-10-30,0.2,0
2010-10-29,0.2,0
2010-10-28,0.2,0
2010-10-27,0.2,0
2010-10-26,0.2,0
2010-10-25,0.1,0
2010-10-24,0.1,0
2010-10-23,0.1,0
2010-10-22,0.1,0
2010-10-21,0.1,0
2010-10-20,0.1,0
2010-10-19,0.1,0
2010-10-18,0.1,0
2010-10-17,0.1,0
2010-10-16,0.1,0
2010-10-15,0.1,0
2010-10-14,0.1,0
2010-10-13,0.1,0
2010-10-12,0.1,0
2010-10-11,0.1,0
2010-10-10,0.1,0
2010-10-09,0.1,0
2010-10-08,0.1,0
2010-10-07,0.1,0
2010-10-06,0.1,0
2010-10-05,0.1,0
2010-10-04,0.1,0
2010-10-03,0.1,0
2010-10-02,0.1,0
2010-10-01,0.1,0
2010-09-30,0.1,0
2010-09-29,0.1,0
2010-09-28,0.1,0
2010-09-27,0.1,0
2010-09-26,0.1,0
2010-09-25,0.1,0
2010-09-24,0.1,0
2010-09-23,0.1,0
2010-09-22,0.1,0
2010-09-21,0.1,0
2010-09-20,0.1,0
2010-09-19,0.1,0
2010-09-18,0.1,0
2010-09-17,0.1,0
2010-09-16,0.1,0
2010-09-15,0.1,0
2010-09-14,0.1,0
2010-09-13,0.1,0
2010-09-12,0.1,0
2010-09-11,0.1,0
2010-09-10,0.1,0
2010-09-09,0.1,0
2010-09-08,0.1,0
2010-09-07,0.1,0
2010-09-06,0.1,0
2010-09-05,0.1,0
2010-09-04,0.1,0
2010-09-03,0.1,0
2010-09-02,0.1,0
2010-09-01,0.1,0
2010-08-31,0.1,0
2010-08-30,0.1,0
2010-08-29,0.1,0
2010-08-28,0.1,0
2010-08-27,0.1,0
2010-08-26,0.1,0
2010-08-25,0.1,0
2010-08-24,0.1,0
2010-08-23,0.1,0
2010-08-22,0.1,0
2010-08-21,0.1,0
2010-08-20,0.1,0
2010-08-19,0.1,0
2010-08-18,0.1,0
2010-08-17,0.1,0
2010-08-16,0.1,0
2010-08-15,0.1,0
2010-08-14,0.1,0
2010-08-13,0.1,0
2010-08-12,0.1,0
2010-08-11,0.1,0
2010-08-10,0.1,0
2010-08-09,0.1,0
2010-08-08,0.1,0
2010-08-07,0.1,0
2010-08-06,0.1,0
2010-08-05,0.1,0
2010-08-04,0.1,0
2010-08-03,0.1,0
2010-08-02,0.1,0
2010-08-01,0.1,0
2010-07-31,0.1,0
2010-07-30,0.1,0
2010-07-29,0.1,0
2010-07-28,0.1,0
2010-07-27,0.1,0
2010-07-26,0.1,0
2010-07-25,0.1,0
2010-07-24,0.1,0
2010-07-23,0.1,0
2010-07-22,0.1,0
2010-07-21,0.1,0
2010-07-20,0.1,0
2010-07-19,0.1,0
2010-07-18,0.1,0
