날짜,한국은행기준금리, 반도체수출금액지수,말일종가,최고가(종가),최저가(종가),거래량_합계,거래량_일평균,거래대금_합계,거래대금_일평균,수출물가,공업제품,수입물가,원자재,중간재,최종재,WTI종가,WTI거래량,WTI변동률
200001월,4.75,34.27,,,,,,,,2.9,2.8,12.0,17.2,-4.4,0.6,27.64,1.45M,7.97
200002월,5.00,32,,,,,,,,2.0,2.0,15.2,21.5,-5.2,4.0,30.43,1.33M,10.09
200003월,5.00,35.29,,,,,,,,-3.3,-3.3,11.6,17.1,-6.7,0.4,26.9,1.48M,-11.6
200004월,5.00,35.65,,,,,,,,-4.3,-4.3,6.5,10.4,-6.3,-3.4,25.74,1.13M,-4.31
200005월,5.00,40.85,,,,,,,,-1.5,-1.5,8.7,12.6,-4.9,1.1,29.01,1.30M,12.7
200006월,5.00,44.69,,,,,,,,1.9,2.1,12.0,16.2,-2.9,3.9,32.5,1.48M,12.03
200007월,5.00,45.11,,,,,,,,3.7,3.9,9.8,13.3,-3.4,3.4,27.43,1.30M,-15.6
200008월,5.00,48.87,,,,,,,,0.5,0.7,4.0,6.8,-6.7,-0.9,33.12,1.44M,20.74
200009월,5.00,49.54,,,,,,,,-0.5,-0.3,4.3,6.9,-6.4,-0.2,30.84,1.59M,-6.88
200010월,5.25,44.18,,,,,,,,-6.0,-5.9,1.5,3.6,-7.6,-2.6,32.7,1.42M,6.03
200011월,5.25,40.18,,,,,,,,-6.7,-6.5,3.5,5.5,-5.3,0.7,33.82,1.29M,3.43
200012월,5.25,36.61,,,,,,,,-0.2,0.0,5.3,6.1,2.0,5.9,26.8,1.22M,-20.76
200101월,5.25,33.43,,,,,,,,0.1,0.2,8.4,8.7,6.3,9.4,28.66,1.37M,6.94
200102월,5.00,29.1,,,,,,,,-0.4,-0.4,7.0,7.0,6.3,8.9,27.39,1.34M,-4.43
200103월,5.00,28.46,,,,,,,,2.4,2.3,7.7,7.5,7.8,11.2,26.29,1.47M,-4.02
200104월,5.00,23.5,,,,,,,,5.1,5.1,13.2,13.5,10.3,18.0,28.46,1.26M,8.25
200105월,5.00,23.29,,,,,,,,0.8,0.6,9.4,9.3,8.6,13.3,28.37,1.29M,-0.32
200106월,5.00,21.71,,,,,,,,-3.2,-3.4,6.6,6.3,6.9,12.0,26.25,1.50M,-7.47
200107월,4.75,16.14,,,,,,,,-6.3,-6.5,5.3,4.5,8.4,11.7,26.35,1.39M,0.38
200108월,4.50,16.64,,,,,,,,-8.9,-9.1,4.2,3.1,8.7,10.5,27.2,1.48M,3.23
200109월,4.00,18.54,,,,,,,,-8.0,-8.2,1.1,-0.8,9.6,11.0,23.43,1.20M,-13.86
200110월,4.00,17.89,,,,,,,,-7.3,-7.5,-2.4,-4.9,9.4,9.5,21.18,1.36M,-9.6
200111월,4.00,19.91,,,,,,,,-8.3,-8.5,-8.2,-11.2,5.6,7.4,19.44,1.54M,-8.22
200112월,4.00,17.03,,,,,,,,-11.6,-11.7,-8.5,-10.6,-0.3,4.7,19.84,1.20M,2.06
200201월,4.00,21.5,,,,,,,,-12.1,-12.2,-10.6,-12.4,-4.1,2.4,19.48,1.53M,-1.81
200202월,4.00,21.44,,,,,,,,-7.9,-8.0,-9.1,-10.8,-3.0,2.6,21.74,1.46M,11.6
200203월,4.00,26.83,,,,,,,,-6.0,-6.0,-5.9,-6.9,-2.9,1.8,26.31,1.57M,21.02
200204월,4.00,25.84,,,,,,,,-7.4,-7.4,-6.6,-7.2,-4.9,-0.7,27.29,1.80M,3.72
200205월,4.25,25.11,,,,,,,,-8.4,-8.4,-8.3,-9.0,-6.1,-2.0,25.31,1.88M,-7.26
200206월,4.25,25.23,,,,,,,,-10.1,-10.1,-10.6,-11.5,-7.5,-4.9,26.86,1.52M,6.12
200207월,4.25,26.61,,,,,,,,-10.0,-10.0,-10.3,-10.6,-9.0,-8.8,27.02,1.59M,0.6
200208월,4.25,27.74,,,,,,,,-7.2,-7.2,-8.2,-8.3,-8.2,-7.1,28.98,1.77M,7.25
200209월,4.25,26.03,,,,,,,,-6.5,-6.4,-5.5,-4.7,-9.1,-7.1,30.45,1.48M,5.07
200210월,4.25,29.89,,,,,,,,-3.1,-3.0,-0.4,1.0,-7.2,-3.5,27.22,1.87M,-10.61
200211월,4.25,30.78,,,,,,,,-2.5,-2.4,0.1,1.8,-7.1,-5.1,26.89,1.56M,-1.21
200212월,4.25,27.67,,,,,,,,-1.1,-1.1,2.9,5.1,-6.4,-4.9,31.2,1.63M,16.03
200301월,4.25,30.57,,,,,,,,-4.4,-4.3,2.5,4.9,-7.4,-6.8,33.51,1.89M,7.4
200302월,4.25,22.05,,,,,,,,-3.6,-3.5,5.2,7.8,-6.0,-3.9,36.6,1.71M,9.22
200303월,4.25,25.35,,,,,,,,-3.9,-3.9,2.8,4.2,-3.6,-1.1,31.04,1.58M,-15.19
200304월,4.25,26,,,,,,,,-7.1,-7.1,-3.5,-3.4,-4.0,-4.1,25.8,1.48M,-16.88
200305월,4.00,26.6,,,,,,,,-5.2,-5.2,-2.5,-2.6,-2.0,-3.3,29.56,1.63M,14.57
200306월,4.00,27.79,,,,,,,,-0.9,-1.0,1.3,1.7,-0.4,-0.3,30.19,1.53M,2.13
200307월,3.75,30.97,,,,,,,,0.5,0.5,3.2,3.9,-0.5,3.2,30.54,1.53M,1.16
200308월,3.75,33.53,,,,,,,,-0.1,-0.1,2.6,3.3,-1.4,1.8,31.57,1.66M,3.37
200309월,3.75,36.17,,,,,,,,-2.6,-2.7,-1.5,-1.6,-1.4,-1.0,29.2,1.65M,-7.51
200310월,3.75,39.82,,,,,,,,-3.4,-3.5,-0.8,-0.8,-0.8,-0.7,29.11,1.73M,-0.31
200311월,3.75,38.3,,,,,,,,1.9,1.8,6.4,7.2,2.4,4.5,30.41,1.57M,4.47
200312월,3.75,38.26,,,,,,,,3.3,3.1,6.5,6.8,4.3,6.3,32.52,1.55M,6.94
200401월,3.75,35.78,,,,,,,,5.7,5.4,7.4,4.9,9.3,5.7,33.05,1.83M,1.63
200402월,3.75,36.87,,,,,,,,2.4,2.2,3.7,-2.1,7.3,2.4,36.16,1.64M,9.41
200403월,3.75,41.52,,,,,,,,-0.2,-0.4,3.3,5.4,4.0,-2.0,35.76,2.00M,-1.11
200404월,3.75,43.23,,,,,,,,3.0,2.8,8.2,19.4,6.0,-1.5,37.38,1.97M,4.53
200405월,3.75,44.62,,,,,,,,8.9,8.7,14.6,32.8,10.0,2.3,39.88,1.89M,6.69
200406월,3.75,42.9,,,,,,,,7.3,7.1,12.4,25.1,9.6,1.9,37.05,1.95M,-7.1
200407월,3.75,41.63,,,,,,,,9.2,9.1,14.3,26.8,11.6,2.9,43.8,1.75M,18.22
200408월,3.50,42.67,,,,,,,,11.2,11.0,16.6,32.7,12.5,3.9,42.12,2.23M,-3.84
200409월,3.50,42.34,,,,,,,,12.6,12.5,17.0,34.9,12.6,3.7,49.64,2.04M,17.85
200410월,3.50,45.8,,,,,,,,13.0,13.0,16.8,34.0,13.0,1.8,51.76,2.08M,4.27
200411월,3.25,44.9,,,,,,,,5.1,5.1,8.2,18.8,6.4,-2.7,49.13,1.81M,-5.08
200412월,3.25,39.58,,,,,,,,-2.8,-2.6,0.7,8.9,-0.6,-8.3,43.45,1.85M,-11.56
200501월,3.25,45.21,,,,,,,,-1.6,-1.4,3.1,13.0,-1.8,-8.7,48.2,1.84M,10.93
200502월,3.25,42.32,,,,,,,,-2.1,-2.0,3.2,17.6,-3.4,-8.5,51.75,1.59M,7.37
200503월,3.25,47.75,,,,,,,,-3.5,-3.4,3.4,21.0,-4.0,-8.6,55.4,2.12M,7.05
200504월,3.25,45.4,,,,,,,,-4.0,-3.9,4.7,25.7,-3.5,-8.4,49.72,2.10M,-10.25
200505월,3.25,47.02,,,,,,,,-9.8,-9.7,-1.2,11.4,-6.7,-10.6,51.97,2.06M,4.53
200506월,3.25,47.88,,,,,,,,-8.0,-7.9,1.9,24.3,-6.6,-10.7,56.5,2.18M,8.72
200507월,3.25,49.66,,,,,,,,-7.1,-7.0,3.0,27.2,-6.3,-9.4,60.57,1.97M,7.2
200508월,3.25,49.37,,,,,,,,-10.3,-10.1,1.2,23.9,-7.6,-10.3,68.94,2.43M,13.82
200509월,3.25,48.99,,,,,,,,-9.4,-9.3,4.1,32.2,-6.3,-9.2,66.24,2.17M,-3.92
200510월,3.50,49.74,,,,,,,,-10.2,-10.1,0.6,24.3,-8.9,-9.3,59.76,1.93M,-9.78
200511월,3.50,47.85,,,,,,,,-8.3,-8.2,3.5,31.4,-7.5,-8.1,57.32,1.90M,-4.08
200512월,3.75,45.16,,,,,,,,-4.9,-4.9,7.6,40.7,-4.9,-5.9,61.04,1.84M,6.49
200601월,3.75,45.26,,,,,,,,-9.8,-9.8,2.2,36.6,-8.2,-8.1,67.92,2.15M,11.27
200602월,4.00,43.2,,,,,,,,-10.6,-10.6,1.2,31.2,-8.4,-8.2,61.41,2.26M,-9.58
200603월,4.00,48.74,,,,,,,,-9.3,-9.3,0.0,22.6,-8.0,-7.0,66.63,2.30M,8.5
200604월,4.00,47.29,,,,,,,,-9.8,-9.8,0.2,21.7,-7.4,-8.6,71.88,2.07M,7.88
200605월,4.00,50,,,,,,,,-7.2,-7.2,4.4,28.2,-3.3,-7.4,71.29,2.46M,-0.82
200606월,4.25,48.78,,,,,,,,-6.2,-6.2,3.8,20.3,-1.7,-6.1,73.93,2.28M,3.7
200607월,4.25,49.71,,,,,,,,-8.3,-8.3,2.5,17.8,-2.6,-7.4,74.4,1.82M,0.64
200608월,4.50,53.08,,,,,,,,-5.4,-5.4,3.4,14.8,-0.2,-5.7,70.26,2.05M,-5.56
200609월,4.50,56.51,,,,,,,,-7.0,-6.9,-1.6,2.9,-2.4,-7.4,62.91,2.40M,-10.46
200610월,4.50,58.08,,,,,,,,-8.6,-8.6,-2.3,0.7,-2.2,-8.5,58.73,3.33M,-6.64
200611월,4.50,65.26,,,,,,,,-8.5,-8.5,-1.7,2.7,-2.1,-8.5,63.13,3.70M,7.49
200612월,4.50,63.45,,,,,,,,-7.5,-7.6,-0.6,2.7,-0.3,-7.6,61.05,3.22M,-3.29
200701월,4.50,69.29,,,,,,,,-5.7,-5.7,-1.4,-6.6,2.6,-4.4,58.14,4.94M,-4.77
200702월,4.50,59.7,,,,,,,,-4.2,-4.2,1.6,-2.4,5.1,-2.6,61.79,4.78M,6.28
200703월,4.50,61.95,,,,,,,,-3.3,-3.4,4.5,1.3,8.1,-1.6,65.87,4.75M,6.6
200704월,4.50,55.01,,,,,,,,-1.9,-1.9,4.2,0.6,7.8,-0.7,65.71,4.11M,-0.24
200705월,4.50,55.87,,,,,,,,-1.4,-1.5,2.8,-0.5,6.1,-1.7,64.01,4.71M,-2.59
200706월,4.50,61.52,,,,,,,,-2.7,-2.8,1.6,-0.5,4.0,-2.4,70.68,4.42M,10.42
200707월,4.75,65.65,,,,,,,,-2.6,-2.7,0.1,-0.8,1.6,-2.9,78.21,4.25M,10.65
200708월,5.00,68.42,,,,,,,,-3.4,-3.4,-0.7,-2.2,0.6,-1.9,74.04,4.98M,-5.33
200709월,5.00,62.89,,,,,,,,-2.6,-2.7,5.2,12.9,2.3,-0.5,81.66,4.78M,10.29
200710월,5.00,64.95,,,,,,,,-2.5,-2.6,7.5,20.5,2.4,-0.7,94.53,6.02M,15.76
200711월,5.00,67.11,,,,,,,,1.8,1.7,13.7,32.0,6.4,2.5,88.71,6.16M,-6.16
200712월,5.00,59.02,,,,,,,,3.4,3.4,15.5,33.4,8.2,4.8,95.98,4.25M,8.2
200801월,5.00,55.14,,,,,,,,5.8,5.7,21.2,48.7,10.6,6.1,91.75,5.46M,-4.41
200802월,5.00,50.64,,,,,,,,7.5,7.5,22.2,49.4,11.8,6.6,101.84,5.14M,11
200803월,5.00,57.48,,,,,,,,13.4,13.3,28.0,56.4,16.8,11.6,101.58,5.99M,-0.26
200804월,5.00,55.09,,,,,,,,15.7,15.7,31.3,58.6,20.4,13.2,113.46,5.63M,11.7
200805월,5.00,59.64,,,,,,,,23.9,23.9,44.6,83.6,28.8,18.5,127.35,6.80M,12.24
200806월,5.00,62.53,,,,,,,,25.2,25.1,48.9,92.6,31.3,17.6,140,6.23M,9.93
200807월,5.00,61.06,,,,,,,,25.1,25.1,50.6,89.9,34.8,17.9,124.08,5.83M,-11.37
200808월,5.25,59.42,,,,,,,,21.9,21.9,42.6,73.2,30.9,16.2,115.46,5.46M,-6.95
200809월,5.25,56.43,,,,,,,,27.4,27.3,42.6,59.1,36.9,24.1,100.64,5.66M,-12.84
200810월,4.25,47.7,,,,,,,,38.6,38.6,47.1,47.2,47.3,46.0,67.81,5.69M,-32.62
200811월,4.00,37.08,,,,,,,,31.5,31.5,32.0,15.6,39.3,48.3,54.43,4.52M,-19.73
200812월,3.00,28.73,,,,,,,,25.0,25.1,22.4,0.4,31.8,45.6,44.6,4.47M,-18.06
200901월,2.50,28.86,,,,,,,,18.6,18.6,16.7,-3.5,24.7,41.1,41.68,5.13M,-6.55
200902월,2.00,29.63,,,,,,,,22.9,22.9,18.0,-5.5,27.6,47.1,44.76,4.86M,7.39
200903월,2.00,35.17,,,,,,,,17.4,17.5,10.6,-10.7,18.8,39.6,49.66,5.17M,10.95
200904월,2.00,41.27,,,,,,,,7.7,7.7,-1.8,-21.8,5.8,29.1,51.12,4.69M,2.94
200905월,2.00,46.82,,,,,,,,-4.1,-4.1,-13.9,-32.4,-6.4,18.1,66.31,5.04M,29.71
200906월,2.00,48.62,,,,,,,,-3.3,-3.4,-11.9,-29.0,-4.6,19.9,69.89,5.60M,5.4
200907월,2.00,51.86,,,,,,,,-2.7,-2.8,-12.9,-32.2,-3.9,21.6,69.45,5.91M,-0.63
200908월,2.00,55.29,,,,,,,,-1.1,-1.2,-7.0,-21.9,-0.9,18.4,69.96,5.72M,0.73
200909월,2.00,61.99,,,,,,,,-7.2,-7.2,-10.9,-22.5,-7.2,10.0,70.61,5.75M,0.93
200910월,2.00,68.46,,,,,,,,-16.5,-16.5,-15.3,-16.9,-16.2,-8.0,77,6.92M,9.05
200911월,2.00,66.44,,,,,,,,-13.4,-13.4,-7.5,2.3,-12.2,-11.6,77.28,6.45M,0.36
200912월,2.00,66.99,,,,,,,,-8.6,-8.7,-1.4,15.2,-7.6,-11.2,79.36,5.66M,2.69
201001월,2.00,64.04,,,,,,,,-6.2,-6.3,-0.1,16.2,-5.9,-12.4,72.89,5.38M,-8.15
201002월,2.00,64.9,,,,,,,,-9.5,-9.5,-3.6,12.4,-9.1,-15.7,79.66,6.57M,9.29
201003월,2.00,77.95,,,,,,,,-11.3,-11.4,-4.0,12.0,-9.3,-17.3,83.76,6.52M,5.15
201004월,2.00,80.38,,,,,,,,-5.3,-5.5,5.0,25.0,-0.9,-12.4,86.15,7.25M,2.85
201005월,2.00,84.22,,,,,,,,1.6,1.5,11.3,26.6,7.2,-4.9,73.97,7.89M,-14.14
201006월,2.00,84.42,,,,,,,,2.6,2.5,8.4,15.0,7.1,-2.0,75.63,7.26M,2.24
201007월,2.25,88.15,,,,,,,,1.2,1.2,8.0,17.3,5.1,-2.3,78.95,6.21M,4.39
201008월,2.25,90.74,,,,,,,,-1.7,-1.8,5.7,13.4,2.9,-2.0,71.92,6.81M,-8.9
201009월,2.25,91.77,,,,,,,,-0.8,-0.9,7.7,17.5,4.4,-2.2,79.97,6.82M,11.19
201010월,2.25,87.48,,,,,,,,-0.7,-0.8,7.5,14.4,5.8,-1.7,81.43,6.45M,1.83
201011월,2.50,80.1,,,,,,,,-0.4,-0.5,7.5,12.2,7.2,-1.1,84.11,6.76M,3.29
201012월,2.50,81.67,,,,,,,,1.7,1.6,11.7,20.2,10.2,0.1,91.38,5.43M,8.64
201101월,2.75,79.06,"29,650","29,650","25,300","232,289,199","11,061,390","6,311,543,191,520","300,549,675,787",0.8,0.7,11.7,21.5,9.7,0.9,92.19,6.93M,0.89
201102월,2.75,70.04,"28,350","30,150","26,900","125,459,157","7,379,950","3,631,175,863,000","213,598,580,176",1.6,1.5,14.5,31.0,10.0,-0.5,96.97,6.10M,5.18
201103월,3.00,85.64,"31,300","31,550","27,550","221,844,506","10,083,841","6,478,479,539,100","294,476,342,686",5.1,5.0,17.7,33.4,13.5,1.9,106.72,6.87M,10.05
201104월,3.00,79.59,"33,800","37,000","31,300","210,649,495","10,030,928","7,108,979,460,000","338,522,831,429",3.4,3.3,17.4,34.8,11.4,1.5,113.93,5.62M,6.76
201105월,3.00,80,"30,100","34,600","29,500","151,998,195","7,599,910","4,904,970,815,940","245,248,540,797",-0.9,-0.9,11.7,26.1,6.9,-1.5,102.7,7.60M,-9.86
201106월,3.25,80.36,"25,050","28,900","24,650","236,066,809","11,241,277","6,354,361,623,460","302,588,648,736",-4.8,-4.9,8.6,24.5,3.2,-5.0,95.42,7.33M,-7.09
201107월,3.25,75.63,"24,250","28,000","22,950","224,682,584","10,699,171","5,636,399,829,110","268,399,991,862",-6.0,-6.1,7.6,25.4,1.6,-7.4,95.7,5.45M,0.29
201108월,3.25,78.94,"19,100","25,550","15,600","377,213,582","17,146,072","7,379,233,380,750","335,419,699,125",-2.7,-2.8,8.0,23.0,2.6,-4.4,88.81,8.28M,-7.2
201109월,3.25,88.13,"21,350","21,900","17,000","279,111,657","13,955,583","5,679,510,775,440","283,975,538,772",1.0,0.9,11.9,27.7,6.0,-0.6,79.2,6.45M,-10.82
201110월,3.25,84.42,"22,850","24,150","20,000","175,458,647","8,772,932","3,907,321,465,400","195,366,073,270",5.3,5.2,14.5,29.2,8.3,4.0,93.19,6.57M,17.66
201111월,3.25,79.13,"22,950","24,850","21,500","220,814,674","10,037,031","5,027,291,008,750","228,513,227,670",2.0,1.9,10.7,26.9,2.7,2.0,100.36,6.24M,7.69
201112월,3.25,81.93,"21,950","23,450","20,750","127,788,137","6,085,149","2,826,941,308,190","134,616,252,771",-1.0,-1.1,6.1,18.6,-1.1,1.3,98.83,4.70M,-1.52
201201월,3.25,72.25,"26,850","27,450","23,450","147,347,508","7,367,375","3,724,390,946,080","186,219,547,304",1.7,1.6,7.7,17.7,1.9,3.1,98.48,5.41M,-0.35
201202월,3.25,73.73,"30,200","30,200","25,400","186,338,369","8,873,256","5,223,851,264,100","248,754,822,100",-0.7,-0.7,5.2,13.0,0.3,2.1,107.07,5.54M,8.72
201203월,3.25,82.2,"29,250","30,550","28,800","106,528,104","5,072,767","3,164,699,841,500","150,699,992,452",-3.0,-3.0,3.3,10.6,-2.1,1.9,103.02,5.74M,-3.78
201204월,3.25,72.52,"28,050","30,300","27,050","104,581,057","5,229,053","2,971,544,455,800","148,577,222,790",-1.2,-1.2,1.5,3.1,-0.9,4.7,104.87,4.48M,1.8
201205월,3.25,80.23,"23,100","28,150","22,000","156,366,002","7,446,000","3,868,597,423,350","184,218,924,921",-0.3,-0.3,1.8,3.9,-1.0,5.0,86.53,5.81M,-17.49
201206월,3.25,82.24,"23,850","24,800","21,550","125,129,001","6,256,450","2,904,812,064,880","145,240,603,244",-0.5,-0.5,-1.3,-2.4,-2.6,5.0,84.96,5.95M,-1.81
201207월,3.00,74.69,"21,700","24,300","20,250","129,649,185","5,893,145","2,814,943,661,890","127,951,984,631",0.1,0.0,-0.9,-1.6,-2.1,4.3,88.06,5.27M,3.65
201208월,3.00,77.17,"21,200","23,100","20,950","122,153,990","5,552,454","2,709,221,443,600","123,146,429,255",-0.7,-0.7,0.5,2.6,-2.0,2.7,96.47,5.08M,9.55
201209월,3.00,84.32,"22,750","23,900","20,900","114,154,941","5,707,747","2,580,989,738,910","129,049,486,946",-3.4,-3.3,-2.2,-0.7,-4.3,0.0,92.19,4.34M,-4.44
201210월,2.75,88.11,"24,850","24,850","22,250","89,916,882","4,281,756","2,126,109,390,100","101,243,304,290",-6.5,-6.4,-6.4,-6.7,-7.0,-3.8,86.24,5.24M,-6.45
201211월,2.75,87.23,"24,400","26,600","24,400","108,484,747","4,931,125","2,773,808,981,750","126,082,226,443",-6.6,-6.6,-7.9,-10.6,-6.9,-3.8,88.91,5.17M,3.1
201212월,2.75,81.82,"25,750","26,650","24,400","80,286,983","4,460,388","2,069,281,014,710","114,960,056,373",-7.2,-7.2,-9.0,-11.3,-8.1,-5.5,91.82,3.59M,3.27
201301월,2.75,76.2,"24,400","27,100","24,200","106,833,025","4,856,047","2,737,175,474,030","124,417,067,001",-8.1,-8.1,-10.6,-12.1,-10.4,-7.0,97.49,4.38M,6.18
201302월,2.75,73.77,"26,500","26,600","23,700","67,893,582","3,573,346","1,729,534,664,170","91,028,140,219",-5.6,-5.5,-8.6,-9.9,-8.3,-4.9,92.05,4.12M,-5.58
201303월,2.75,86.82,"28,750","29,500","26,000","90,828,794","4,541,440","2,573,447,265,700","128,672,363,285",-5.9,-5.9,-10.8,-14.3,-9.4,-5.2,97.23,4.03M,5.63
201304월,2.75,81.75,"29,900","29,900","27,800","86,134,339","3,915,197","2,485,143,106,950","112,961,050,316",-5.7,-5.7,-9.7,-12.1,-9.3,-4.5,93.46,5.43M,-3.88
201305월,2.50,93.42,"32,200","32,200","28,550","99,765,241","4,750,726","3,047,127,493,080","145,101,309,194",-5.8,-5.8,-9.7,-10.5,-9.9,-6.4,91.97,5.87M,-1.59
201306월,2.50,88.18,"31,200","32,650","29,500","92,187,155","4,851,956","2,879,298,818,820","151,542,043,096",-2.0,-1.9,-4.3,-3.0,-5.6,-3.9,96.56,4.92M,4.99
201307월,2.50,91.17,"27,200","31,550","27,000","159,346,763","6,928,120","4,533,363,438,420","197,102,758,192",-1.6,-1.5,-4.3,-3.7,-5.4,-2.3,105.03,5.38M,8.77
201308월,2.50,94.86,"28,250","29,150","26,200","107,295,962","5,109,332","2,980,566,654,200","141,931,745,438",-2.2,-2.1,-5.3,-5.8,-5.5,-2.6,107.65,5.30M,2.49
201309월,2.50,102.85,"30,250","30,550","27,100","111,131,402","6,173,967","3,205,376,048,060","178,076,447,114",-4.7,-4.7,-8.1,-8.2,-8.7,-5.5,102.33,4.58M,-4.94
201310월,2.50,101.29,"31,950","34,600","29,950","129,308,718","6,157,558","4,236,190,811,000","201,723,371,952",-4.5,-4.5,-7.3,-6.5,-8.6,-5.3,96.38,5.14M,-5.81
201311월,2.50,94.47,"35,400","35,450","31,500","74,178,712","3,532,320","2,468,351,830,710","117,540,563,367",-2.5,-2.5,-4.9,-3.5,-6.4,-3.8,92.72,4.51M,-3.8
201312월,2.50,98.55,"36,800","37,150","34,250","80,388,076","4,019,404","2,893,649,749,300","144,682,487,465",-2.1,-2.1,-3.5,-1.5,-5.2,-3.1,98.42,3.66M,6.15
201401월,2.50,88.09,"37,850","39,000","35,250","96,379,226","4,818,961","3,555,567,249,560","177,778,362,478",-1.9,-1.9,-3.0,-2.3,-4.3,-1.1,97.49,4.49M,-0.94
201402월,2.50,84.98,"38,750","39,900","36,500","70,030,223","3,501,511","2,708,423,427,670","135,421,171,384",-3.6,-3.6,-4.8,-4.8,-6.1,-1.4,102.59,3.93M,5.23
201403월,2.50,99.53,"36,000","39,450","36,000","66,767,348","3,179,398","2,513,308,228,860","119,681,344,231",-4.3,-4.3,-4.5,-3.5,-6.3,-1.9,101.58,4.59M,-0.98
201404월,2.50,91.69,"40,150","40,900","36,550","72,451,287","3,293,240","2,806,856,914,150","127,584,405,189",-7.4,-7.4,-6.9,-6.2,-8.4,-4.8,99.74,4.71M,-1.81
201405월,2.50,93.12,"44,150","44,150","40,650","48,673,707","2,561,774","2,033,684,027,220","107,036,001,433",-8.1,-8.1,-6.8,-5.9,-8.4,-4.8,102.71,4.38M,2.98
201406월,2.50,97.72,"48,550","50,700","44,650","69,558,466","3,660,972","3,348,071,554,437","176,214,292,339",-10.5,-10.5,-8.8,-7.2,-10.5,-7.6,105.37,4.12M,2.59
201407월,2.50,92.01,"45,450","51,900","44,400","82,964,684","3,607,160","4,024,466,434,016","174,976,801,479",-9.4,-9.4,-8.6,-8.8,-9.1,-6.7,98.17,5.14M,-6.83
201408월,2.25,99.67,"45,400","47,850","43,250","85,262,447","4,263,122","3,858,329,820,256","192,916,491,013",-8.6,-8.6,-9.9,-12.3,-9.4,-6.5,95.96,4.59M,-2.25
201409월,2.25,111.07,"46,750","47,150","41,800","60,302,294","3,173,805","2,657,950,100,595","139,892,110,558",-6.6,-6.6,-8.9,-12.6,-7.7,-4.3,91.16,5.56M,-5
201410월,2.00,113.63,"47,450","47,450","41,700","64,400,467","3,066,689","2,883,304,206,174","137,300,200,294",-4.1,-4.1,-7.6,-13.1,-5.8,-1.4,80.54,7.17M,-11.65
201411월,2.00,110.28,"48,050","49,200","45,900","38,943,107","1,947,155","1,850,251,118,868","92,512,555,943",-2.2,-2.3,-8.0,-15.9,-5.1,0.3,66.15,5.85M,-17.87
201412월,2.00,110.66,"47,750","49,450","46,500","34,079,126","1,622,816","1,634,656,260,092","77,840,774,290",-4.4,-4.3,-13.0,-26.4,-8.0,0.7,53.27,6.56M,-19.47
201501월,2.00,100.43,"47,650","50,300","47,000","53,483,941","2,546,854","2,585,833,105,858","123,134,909,803",-8.6,-8.7,-19.4,-36.8,-13.2,-1.8,48.24,7.31M,-9.44
201502월,2.00,90.55,"46,600","47,600","45,150","39,894,722","2,346,748","1,857,413,922,891","109,259,642,523",-8.1,-8.1,-17.8,-33.5,-11.9,-2.2,49.76,8.46M,3.15
201503월,1.75,102.6,"45,550","48,300","43,250","66,876,826","3,039,856","3,059,960,199,876","139,089,099,994",-6.8,-6.8,-17.1,-33.2,-10.8,-1.9,47.6,7.69M,-4.34
201504월,1.75,98.49,"46,150","47,200","41,900","73,472,495","3,339,659","3,281,573,173,364","149,162,416,971",-6.0,-6.0,-17.1,-33.9,-10.2,-1.9,59.63,7.63M,25.27
201505월,1.75,97.34,"51,100","51,100","45,250","48,711,522","2,706,196","2,313,887,994,996","128,549,333,055",-3.5,-3.5,-14.6,-31.3,-7.5,0.0,60.3,6.34M,1.12
201506월,1.50,100.95,"42,300","51,200","42,000","71,087,633","3,231,256","3,232,667,587,705","146,939,435,805",-2.2,-2.2,-14.1,-32.0,-6.3,1.7,59.47,6.54M,-1.38
201507월,1.50,97.82,"37,100","42,800","34,500","105,251,231","4,576,140","4,091,080,281,190","177,873,055,704",-2.0,-2.0,-14.0,-33.6,-6.2,3.5,47.12,7.17M,-20.77
201508월,1.50,104.28,"35,800","37,300","31,050","103,747,726","5,187,386","3,596,602,701,845","179,830,135,092",-1.6,-1.6,-13.6,-35.8,-5.4,6.3,49.2,8.24M,4.41
201509월,1.50,111.77,"33,550","36,150","33,550","64,992,166","3,249,608","2,262,252,606,269","113,112,630,313",-2.1,-2.1,-13.1,-35.2,-5.5,7.1,45.09,7.97M,-8.35
201510월,1.50,105.41,"30,700","37,550","30,700","90,745,363","4,321,208","3,104,110,377,713","147,814,779,891",-6.5,-6.5,-14.9,-34.7,-8.4,2.4,46.59,8.31M,3.33
201511월,1.50,99.06,"31,600","32,750","30,200","77,816,882","3,705,566","2,468,024,401,220","117,524,971,487",-8.6,-8.6,-15.6,-35.3,-9.6,0.5,41.65,7.88M,-10.6
201512월,1.50,91.31,"30,750","32,700","29,000","59,495,764","2,833,132","1,840,641,592,563","87,649,599,646",-6.2,-6.2,-12.0,-32.1,-6.4,1.9,37.04,8.70M,-11.07
201601월,1.50,86.19,"27,300","30,750","26,600","70,670,973","3,533,549","1,989,810,372,160","99,490,518,608",-1.5,-1.6,-6.3,-28.4,-0.4,5.9,33.62,10.39M,-9.23
201602월,1.50,78.93,"30,000","30,900","27,150","50,379,765","2,798,876","1,466,416,005,394","81,467,555,855",-2.1,-2.1,-7.4,-30.3,-1.3,6.7,33.75,11.47M,0.39
201603월,1.50,100.61,"28,150","31,950","28,150","63,266,697","2,875,759","1,898,439,108,318","86,292,686,742",-4.2,-4.2,-7.6,-26.1,-2.9,4.3,38.34,10.88M,13.6
201604월,1.50,86.95,"28,150","29,150","26,900","68,996,479","3,449,824","1,926,387,060,574","96,319,353,029",-5.2,-5.3,-7.1,-23.9,-3.1,4.1,45.92,11.62M,19.77
201605월,1.50,93.22,"28,700","29,000","25,750","62,016,399","3,100,820","1,686,867,391,413","84,343,369,571",-4.0,-4.0,-5.1,-20.7,-1.2,5.6,49.1,11.20M,6.93
201606월,1.25,100.66,"32,400","32,400","27,600","100,900,213","4,804,772","3,056,201,162,275","145,533,388,680",-4.9,-5.0,-4.9,-18.5,-1.8,4.7,48.33,10.42M,-1.57
201607월,1.25,96.49,"34,400","34,400","30,600","68,618,658","3,267,555","2,215,309,888,702","105,490,947,081",-7.4,-7.5,-7.1,-18.7,-4.6,0.6,41.6,9.34M,-13.93
201608월,1.25,107.01,"36,450","36,450","33,550","58,230,900","2,646,859","2,034,640,431,850","92,483,655,993",-9.7,-9.8,-8.4,-14.4,-7.5,-3.9,44.7,11.59M,7.45
201609월,1.25,109.03,"40,200","41,200","36,100","59,573,399","3,135,442","2,320,984,874,874","122,157,098,678",-8.3,-8.3,-7.7,-12.1,-7.0,-4.7,48.24,12.37M,7.92
201610월,1.25,107.3,"41,000","43,000","40,050","70,250,689","3,512,534","2,914,564,450,495","145,728,222,525",-1.4,-1.5,-0.6,2.7,-1.6,-1.0,46.86,10.82M,-2.86
201611월,1.25,110.76,"42,900","43,050","39,650","57,764,657","2,625,666","2,400,359,730,281","109,107,260,467",3.5,3.4,3.6,8.7,2.7,1.4,49.44,13.50M,5.51
201612월,1.25,111.43,"44,700","46,400","44,200","47,724,187","2,272,580","2,164,604,767,507","103,076,417,500",6.6,6.5,9.2,30.8,5.0,-0.2,53.72,10.64M,8.66
201701월,1.25,121.57,"53,700","53,700","45,800","66,028,116","3,301,406","3,303,515,642,160","165,175,782,108",7.4,7.4,13.3,50.6,7.2,-1.5,52.81,10.11M,-1.69
201702월,1.25,123.05,"46,700","54,600","46,000","96,199,499","4,809,975","4,822,041,021,155","241,102,051,058",5.1,5.1,9.2,43.0,3.7,-4.9,54.01,9.09M,2.27
201703월,1.25,143.26,"50,500","51,300","46,750","92,236,147","4,192,552","4,511,262,384,363","205,057,381,107",5.0,5.0,6.8,29.7,2.8,-3.7,50.6,12.60M,-6.31
201704월,1.25,136.52,"54,000","54,000","48,850","57,361,105","2,868,055","2,939,414,879,561","146,970,743,978",8.9,8.9,9.2,34.1,4.6,-1.7,49.33,9.72M,-2.51
201705월,1.25,144.04,"57,000","57,900","54,200","55,854,626","2,939,717","3,128,132,240,179","164,638,538,957",5.1,5.1,4.1,23.4,-0.1,-4.0,48.32,14.25M,-2.05
201706월,1.25,154.33,"67,400","69,200","56,100","84,375,124","4,017,863","5,261,505,894,001","250,547,899,714",4.7,4.6,2.0,16.2,-1.1,-3.8,46.04,15.23M,-4.72
201707월,1.25,151.45,"66,000","73,000","64,600","84,642,480","4,030,594","5,796,417,167,262","276,019,865,108",8.1,8.1,5.5,21.4,2.3,-1.6,50.17,14.57M,8.97
201708월,1.25,168.2,"68,600","68,600","61,400","79,731,292","3,624,150","5,243,503,782,868","238,341,081,039",10.8,10.8,9.1,25.2,6.4,0.6,47.23,17.17M,-5.86
201709월,1.25,186.31,"82,900","86,300","68,100","94,451,167","4,497,675","7,406,941,236,780","352,711,487,466",11.2,11.1,10.8,27.2,8.5,1.0,51.67,12.24M,9.4
201710월,1.25,182.32,"82,200","89,100","78,400","104,818,632","6,551,165","8,682,404,362,940","542,650,272,684",8.1,8.1,6.8,14.2,6.6,-0.2,54.38,11.95M,5.24
201711월,1.50,183.87,"76,800","86,800","76,800","91,024,533","4,137,479","7,546,601,312,740","343,027,332,397",2.5,2.5,4.0,15.9,1.8,-3.1,57.4,12.53M,5.55
201712월,1.50,186.44,"76,500","80,200","74,000","79,588,034","4,188,844","6,162,919,369,801","324,364,177,358",-2.0,-2.1,-0.9,3.8,-1.9,-4.0,60.42,9.49M,5.26
201801월,1.50,185.53,"73,500","79,300","71,100","100,383,902","4,562,905","7,477,411,939,873","339,882,360,903",-3.7,-3.7,-2.4,4.1,-4.5,-5.3,64.73,12.77M,7.13
201802월,1.50,171.62,"76,800","78,700","70,200","70,480,039","3,915,558","5,263,892,676,854","292,438,482,047",-1.3,-1.3,0.4,5.1,-1.0,-1.8,61.64,11.99M,-4.77
201803월,1.50,207.76,"81,300","90,700","77,400","100,047,412","4,764,162","8,481,783,614,293","403,894,457,823",-1.4,-1.4,3.2,9.4,2.2,-1.6,64.94,12.38M,5.35
201804월,1.50,187.7,"84,500","87,900","80,300","84,452,872","4,021,565","7,042,729,657,158","335,368,078,912",-2.0,-2.0,3.7,10.9,2.8,-2.6,68.57,12.71M,5.59
201805월,1.50,207.97,"93,400","95,300","82,900","69,491,798","3,474,590","6,219,018,199,076","310,950,909,954",0.4,0.5,8.1,19.6,6.7,-2.3,67.04,15.04M,-2.23
201806월,1.50,214.94,"85,700","91,400","83,500","69,184,335","3,641,281","6,025,328,487,527","317,122,551,975",1.4,1.5,10.9,26.3,8.8,-1.7,74.15,12.86M,10.61
201807월,1.50,197.78,"86,300","90,300","80,500","69,910,321","3,177,742","5,980,290,400,217","271,831,381,828",2.8,2.8,11.9,27.0,10.0,-0.6,68.76,10.91M,-7.27
201808월,1.50,218.72,"83,000","85,600","74,500","81,485,543","3,703,888","6,457,051,919,405","293,502,359,973",2.2,2.3,10.0,22.8,8.3,-1.1,69.8,10.42M,1.51
201809월,1.50,244.59,"73,100","81,200","73,100","69,483,962","4,087,292","5,331,101,666,775","313,594,215,693",1.3,1.3,9.6,24.8,6.5,-1.3,73.25,10.09M,4.94
201810월,1.50,227.06,"68,200","73,700","64,700","88,033,736","4,192,083","6,092,339,825,174","290,111,420,246",1.1,1.1,10.9,27.7,6.8,-0.2,65.31,13.04M,-10.84
201811월,1.75,207.66,"69,600","74,500","67,500","67,714,126","3,077,915","4,782,892,605,323","217,404,209,333",0.6,0.7,5.9,13.1,3.8,1.0,50.93,15.12M,-22.02
201812월,1.75,171.67,"60,500","70,500","58,600","59,984,599","3,157,084","3,810,321,395,235","200,543,231,328",-0.7,-0.7,2.7,5.2,1.6,1.6,45.41,12.16M,-10.84
201901월,1.75,145.08,"73,900","75,900","57,700","84,140,179","3,824,554","5,619,350,040,414","255,425,001,837",-1.8,-1.8,1.7,2.3,0.5,3.1,53.79,14.02M,18.45
201902월,1.75,132.76,"70,000","77,400","70,000","54,567,361","3,209,845","4,072,707,797,080","239,571,046,887",-2.6,-2.6,3.5,8.5,1.1,1.4,57.22,10.55M,6.38
201903월,1.75,175.52,"74,200","76,100","66,600","74,433,210","3,721,661","5,258,755,749,860","262,937,787,493",-1.0,-1.0,4.7,10.3,1.8,2.9,60.14,11.96M,5.1
201904월,1.75,164.28,"79,000","81,800","76,400","70,360,052","3,198,184","5,564,774,503,790","252,944,295,627",-0.5,-0.5,5.4,9.7,2.9,4.3,63.91,13.33M,6.27
201905월,1.75,148.47,"65,300","80,700","65,300","79,337,971","3,777,999","5,673,071,628,931","270,146,268,044",0.3,0.3,4.5,4.6,2.9,7.6,53.5,16.25M,-16.29
201906월,1.75,165.49,"69,500","70,200","63,100","64,627,524","3,401,449","4,293,590,688,986","225,978,457,315",-2.7,-2.7,-0.6,-4.3,-1.1,5.7,58.47,12.46M,9.29
201907월,1.50,149.27,"76,900","79,800","67,400","68,847,930","2,993,388","5,163,314,897,049","224,491,952,046",-5.4,-5.4,-1.1,-2.6,-2.6,3.8,58.58,11.80M,0.19
201908월,1.50,159.18,"77,400","77,700","71,800","52,634,024","2,506,382","3,932,813,490,752","187,276,832,893",-4.0,-4.1,-0.2,-2.4,-1.8,6.6,55.1,14.04M,-5.94
201909월,1.50,170.23,"82,200","84,300","77,000","48,311,757","2,542,724","3,932,282,202,214","206,962,221,169",-5.0,-5.0,-2.0,-6.3,-2.5,5.6,54.07,13.08M,-1.87
201910월,1.25,161.06,"82,000","83,000","77,400","63,636,224","3,030,296","5,078,066,688,917","241,812,699,472",-7.4,-7.5,-6.0,-13.4,-5.2,4.0,54.18,11.55M,0.2
201911월,1.25,152.27,"80,900","85,500","80,900","45,635,634","2,173,125","3,793,548,298,215","180,645,157,058",-6.5,-6.5,-2.1,-4.2,-3.0,2.8,55.17,9.47M,1.83
201912월,1.25,150.82,"94,100","96,000","77,700","71,423,375","3,571,169","6,103,629,943,246","305,181,497,162",-3.2,-3.2,3.3,5.3,1.6,4.1,61.06,9.27M,10.68
202001월,1.25,149.88,"93,500","101,000","93,500","59,366,620","2,968,331","5,792,324,224,211","289,616,211,211",-2.5,-2.5,2.7,2.9,2.3,3.1,51.56,12.54M,-15.56
202002월,1.25,156.34,"87,900","105,000","87,900","70,992,138","3,549,607","6,924,167,485,340","346,208,374,267",-2.0,-2.0,-1.0,-8.9,1.3,4.9,44.76,13.33M,-13.19
202003월,0.75,182.42,"83,300","94,900","69,000","149,461,339","6,793,697","12,250,642,650,756","556,847,393,216",-3.8,-3.8,-7.9,-26.0,-3.1,5.9,20.48,16.68M,-54.24
202004월,0.75,151.54,"83,700","85,800","78,400","91,942,271","4,597,114","7,587,119,131,754","379,355,956,588",-6.5,-6.5,-14.6,-40.3,-7.3,4.9,18.84,14.56M,-8.01
202005월,0.50,170.59,"81,500","85,700","80,600","83,525,536","4,396,081","6,896,381,543,378","362,967,449,651",-8.4,-8.4,-13.0,-32.7,-7.9,2.4,35.49,5.91M,88.38
202006월,0.50,173.6,"85,100","91,000","82,000","91,590,220","4,163,192","7,928,776,009,315","360,398,909,514",-5.7,-5.7,-7.4,-20.5,-4.3,2.2,39.27,7.64M,10.65
202007월,0.50,164.17,"82,800","86,000","82,200","73,492,751","3,195,337","6,156,184,049,405","267,660,176,061",-5.3,-5.4,-8.9,-23.8,-4.9,1.9,40.27,6.79M,2.55
202008월,0.50,173.84,"75,100","81,800","71,800","88,408,078","4,420,404","6,910,911,914,489","345,545,595,724",-6.7,-6.7,-10.5,-26.3,-5.6,-0.9,42.61,6.37M,5.81
202009월,0.50,196.29,"84,000","84,500","75,200","85,475,318","4,070,253","6,910,784,517,067","329,084,977,003",-5.9,-5.9,-11.3,-29.1,-5.5,-0.7,40.22,6.75M,-5.61
202010월,0.50,175.65,"79,900","88,200","79,900","61,986,245","3,262,434","5,241,435,988,525","275,865,052,028",-6.2,-6.2,-11.2,-27.2,-6.1,-2.2,35.79,7.35M,-11.01
202011월,0.50,174.85,"97,500","100,000","79,600","74,701,046","3,557,193","6,935,098,503,370","330,242,785,875",-4.6,-4.6,-10.3,-24.4,-5.3,-3.3,45.34,7.03M,26.68
202012월,0.50,192.79,"118,500","120,500","100,500","96,632,113","4,601,529","11,098,693,851,192","528,509,231,009",-4.7,-4.7,-9.9,-20.8,-5.7,-4.7,48.52,6.21M,7.01
202101월,0.50,177.56,"122,500","138,000","122,500","127,672,304","6,383,615","16,645,892,658,918","832,294,632,946",-1.9,-1.9,-5.8,-13.8,-1.9,-3.5,52.2,7.21M,7.58
202102월,0.50,171.96,"141,500","148,500","125,000","101,827,542","5,657,086","13,584,840,566,904","754,713,364,828",0.6,0.7,-0.3,0.1,1.7,-4.0,61.5,7.60M,17.82
202103월,0.50,195.37,"132,500","147,000","132,000","105,431,089","4,792,322","14,580,173,098,648","662,735,140,848",5.9,6.0,9.0,27.8,8.0,-4.8,59.16,9.79M,-3.8
202104월,0.50,200.03,"128,000","144,000","128,000","75,564,371","3,434,744","10,319,925,063,620","469,087,502,892",10.6,10.7,15.0,51.3,11.3,-4.6,63.48,384.49K,7.3
